"omCrit","estCrit","obsCrit","trial","OvTrial","CovTrial","wind","CovOmCrit","OvOmCrit","CovResponse","Cov_pA",
-81.8601,-64.1922,-72,1,5,1,14,-81.8601,-81.8601,2,0.2,
-81.8601,-65.976,-64,2,10,2,16,-81.8601,-81.8601,1,0.2,
-81.8601,-65.976,-77.5,3,15,3,17,-81.8601,-81.8601,2,0.2,
-81.8601,-68.5801,-79,4,20,4,18,-81.8601,-81.8601,1,0.2,
-81.8601,-68.5801,-81,5,25,6,19,-81.8601,-81.8601,2,0.2,
-81.8601,-72.6538,-81.5,6,30,7,21,-81.8601,-81.8601,1,0.2,
-81.8601,-72.6538,-73.5,7,35,8,22,-81.8601,-81.8601,1,0.2,
-81.8601,-72.6538,-78,8,40,9,23,-81.8601,-81.8601,1,0.2,
-81.8601,-72.6538,-76.5,9,45,11,24,-81.8601,-81.8601,2,0.2,
-81.8601,-73.6604,-74.5,10,50,12,26,-81.8601,-81.8601,1,0.2,
-81.8601,-73.6604,-79.5,11,55,13,27,-81.8601,-81.8601,1,0.2,
-81.8601,-72.6538,-83.5,12,60,14,28,-81.8601,-81.8601,1,0.2,
-81.8601,-68.5801,-81.5,13,65,16,29,-81.8601,-81.8601,1,0.2,
-81.8601,-68.5801,-78.5,14,70,17,31,-81.8601,-81.8601,1,0.2,
-81.8601,-68.5801,-79,15,75,18,32,-81.8601,-81.8601,2,0.2,
-81.8601,-68.5801,-81.5,16,80,19,33,-81.8601,-81.8601,1,0.2,
-81.8601,-68.5801,-78.5,17,85,21,34,-81.8601,-81.8601,2,0.2,
-81.8601,-72.6538,-80.5,18,90,22,36,-81.8601,-81.8601,1,0.2,
-81.8601,-72.6538,-77.5,19,95,23,37,-81.8601,-81.8601,1,0.2,
-81.8601,-72.6538,-80.5,20,100,24,38,-81.8601,-81.8601,1,0.2,
-81.8601,-72.6538,-79,21,105,26,39,-81.8601,-41.6299,2,0.2,
-81.8601,-80.316,-61.5,22,110,27,41,-81.8601,-41.6299,1,0.2,
-81.8601,-81.3737,-51,23,115,28,42,-81.8601,-41.6299,1,0.2,
-81.8601,-81.3737,-49.5,24,120,29,43,-81.8601,-41.6299,2,0.2,
-81.8601,-80.5935,-56,25,125,31,44,-81.8601,-41.6299,1,0.2,
-81.8601,-80.5935,-40,26,130,32,46,-81.8601,-41.6299,1,0.2,
-81.8601,-80.5935,-32,27,135,33,47,-81.8601,-41.6299,1,0.2,
-81.8601,-80.5935,-35.5,28,140,34,48,-81.8601,-41.6299,1,0.2,
-81.8601,-80.5935,-41,29,145,36,49,-81.8601,-41.6299,1,0.2,
-81.8601,-80.5935,-34.5,30,150,37,51,-81.8601,-41.6299,1,0.2,
-81.8601,-78.0732,-40,31,155,38,52,-81.8601,-41.6299,1,0.2,
-81.8601,-80.5935,-32.5,32,160,39,53,-81.8601,-41.6299,1,0.2,
-81.8601,-80.5935,-48.5,33,165,41,54,-81.8601,-41.6299,1,0.2,
-81.8601,-80.5935,-56,34,170,42,56,-81.8601,-41.6299,1,0.2,
-81.8601,-80.5935,-41.5,35,175,43,57,-81.8601,-41.6299,1,0.2,
-81.8601,-82.4813,-40,36,180,44,58,-81.8601,-41.6299,2,0.2,
-81.8601,-92.3458,-47,37,185,46,59,-81.8601,-41.6299,1,0.2,
-81.8601,-92.3458,-48,38,190,47,61,-81.8601,-41.6299,1,0.2,
-81.8601,-90.9998,-53,39,195,48,62,-81.8601,-41.6299,2,0.2,
-81.8601,-92.3458,-62.5,40,200,49,63,-81.8601,-41.6299,1,0.2,
-81.8601,-92.3458,-47,41,205,51,64,-81.8601,-41.6299,1,0.2,
-81.8601,-92.3458,-55,42,210,52,66,-81.8601,-70.7273,1,0.2,
-81.8601,-92.3458,-61.5,43,215,53,67,-81.8601,-70.7273,1,0.2,
-81.8601,-92.3458,-61,44,220,54,68,-81.8601,-70.7273,1,0.2,
-81.8601,-92.3458,-63.5,45,225,56,69,-81.8601,-70.7273,1,0.2,
-81.8601,-92.3458,-67,46,230,57,71,-81.8601,-70.7273,1,0.2,
-81.8601,-92.3458,-68,47,235,58,72,-81.8601,-70.7273,1,0.2,
-81.8601,-92.3458,-72.5,48,240,59,73,-81.8601,-70.7273,1,0.2,
-81.8601,-92.3458,-75,49,245,61,74,-81.8601,-70.7273,1,0.2,
-81.8601,-92.3458,-69,50,250,62,76,-81.8601,-70.7273,1,0.2,
-81.8601,-92.3458,-68,51,255,63,77,-81.8601,-70.7273,1,0.2,
-81.8601,-92.3458,-73.5,52,260,64,78,-81.8601,-70.7273,1,0.2,
-81.8601,-92.3458,-68.5,53,265,66,79,-81.8601,-70.7273,1,0.2,
-81.8601,-92.3458,-69.5,54,270,67,81,-81.8601,-70.7273,1,0.2,
-81.8601,-61.745,-70.5,55,275,68,82,-81.8601,-70.7273,1,0.2,
-81.8601,-61.745,-59,56,280,69,83,-81.8601,-70.7273,1,0.2,
-81.8601,-61.745,-59.5,57,285,71,84,-81.8601,-70.7273,1,0.2,
-81.8601,-61.745,-55.5,58,290,72,86,-81.8601,-70.7273,1,0.2,
-81.8601,-61.745,-59,59,295,73,87,-81.8601,-70.7273,1,0.2,
-81.8601,-61.745,-56.5,60,300,74,88,-81.8601,-70.7273,1,0.2,
-81.8601,-61.745,-55.5,61,305,76,89,-81.8601,-70.7273,1,0.2,
-81.8601,-61.745,-54,62,310,77,91,-81.8601,-70.7273,2,0.2,
-81.8601,-90.9998,-60,63,315,78,92,-81.8601,-70.7273,1,0.2,
-81.8601,-89.0452,-60.5,64,320,79,93,-81.8601,-70.7273,1,0.2,
-81.8601,-87.2069,-55,65,325,81,94,-81.8601,-52.7627,1,0.2,
-81.8601,-85.5558,-56,66,330,82,96,-81.8601,-52.7627,1,0.2,
-81.8601,-84.0772,-53,67,335,83,97,-81.8601,-52.7627,1,0.2,
-81.8601,-89.0452,-57.5,68,340,84,98,-81.8601,-52.7627,1,0.2,
-81.8601,-88.1032,-52.5,69,345,86,99,-81.8601,-52.7627,1,0.2,
-81.8601,-88.1032,-55,70,350,87,101,-81.8601,-52.7627,1,0.2,
-81.8601,-87.2069,-54.5,71,355,88,102,-81.8601,-52.7627,1,0.2,
-81.8601,-89.6939,-57.5,72,360,89,103,-81.8601,-52.7627,1,0.2,
-81.8601,-89.0452,-53,73,365,91,104,-81.8601,-52.7627,1,0.2,
-81.8601,-88.4124,-53.5,74,370,92,106,-81.8601,-52.7627,1,0.2,
-81.8601,-87.7991,-49,75,375,93,107,-81.8601,-52.7627,1,0.2,
-81.8601,-87.2069,-49.5,76,380,94,108,-81.8601,-52.7627,1,0.2,
-81.8601,-67.4158,-48.5,77,385,96,109,-81.8601,-52.7627,1,0.2,
-81.8601,-68.045,-36.5,78,390,97,111,-81.8601,-52.7627,1,0.2,
-81.8601,-66.2367,-35.5,79,395,98,112,-81.8601,-52.7627,2,0.2,
-81.8601,-67.8871,-55,80,400,99,113,-81.8601,-52.7627,1,0.2,
-81.8601,-66.0142,-49.5,81,405,101,114,-81.8601,-52.7627,1,0.2,
-81.8601,-63.971,-35.5,82,410,102,116,-81.8601,-52.7627,1,0.2,
-81.8601,-61.745,-50.5,83,415,103,117,-81.8601,-52.7627,2,0.2,
-81.8601,-59.2978,-51.5,84,420,104,118,-81.8601,-52.7627,1,0.2,
-81.8601,-58.4444,-49,85,425,106,119,-41.6299,-52.7627,1,0.8,
-81.8601,-59.4085,-54,86,430,107,121,-41.6299,-52.7627,1,0.8,
-81.8601,-57.5219,-59,87,435,108,122,-41.6299,-52.7627,2,0.8,
-81.8601,-57.5219,-55,88,440,109,123,-41.6299,-61.745,2,0.8,
-81.8601,-57.5219,-59.5,89,445,111,124,-41.6299,-61.745,2,0.8,
-81.8601,-57.5219,-69,90,450,112,126,-41.6299,-61.745,2,0.8,
-81.8601,-57.5219,-65,91,455,113,127,-41.6299,-61.745,1,0.8,
-81.8601,-54.8224,-65.5,92,460,114,128,-41.6299,-61.745,2,0.8,
-81.8601,-54.8224,-63,93,465,116,129,-41.6299,-61.745,1,0.8,
-81.8601,-83.6182,-64,94,470,117,131,-41.6299,-61.745,2,0.8,
-81.8601,-83.6182,-69.5,95,475,118,132,-41.6299,-61.745,1,0.8,
-81.8601,-79.4123,-76,96,480,119,133,-41.6299,-61.745,2,0.8,
-81.8601,-79.4123,-58.5,97,485,121,134,-41.6299,-61.745,2,0.8,
-81.8601,-79.4123,-60,98,490,122,136,-41.6299,-61.745,2,0.8,
-81.8601,-79.4123,-63.5,99,495,123,137,-41.6299,-61.745,2,0.8,
-81.8601,-79.4123,-75,100,500,124,138,-41.6299,-61.745,2,0.8,
-81.8601,-78.9321,-59.5,101,505,126,139,-41.6299,-61.745,1,0.8,
-81.8601,-71.0898,-56,102,510,127,141,-41.6299,-61.745,2,0.8,
-81.8601,-41.0087,-62,103,515,128,142,-41.6299,-61.745,1,0.8,
-81.8601,-31.1442,-58.5,104,520,129,143,-41.6299,-70.7273,2,0.8,
-41.6299,-32.4902,-66.5,105,525,131,144,-41.6299,-70.7273,2,0.8,
-41.6299,-34.4448,-67,106,530,132,146,-41.6299,-70.7273,2,0.8,
-41.6299,-31.6099,-58.5,107,535,133,147,-41.6299,-70.7273,2,0.8,
-41.6299,-31.1442,-57,108,540,134,148,-41.6299,-70.7273,2,0.8,
-41.6299,-31.1442,-61.5,109,545,136,149,-41.6299,-70.7273,2,0.8,
-41.6299,-31.1442,-68,110,550,137,151,-41.6299,-70.7273,2,0.8,
-41.6299,-31.1442,-56,111,555,138,152,-41.6299,-70.7273,2,0.8,
-41.6299,-31.1442,-61.5,112,560,139,153,-41.6299,-70.7273,2,0.8,
-41.6299,-31.1442,-58,113,565,141,154,-41.6299,-70.7273,2,0.8,
-41.6299,-31.1442,-68,114,570,142,156,-41.6299,-70.7273,2,0.8,
-41.6299,-31.1442,-61.5,115,575,143,157,-41.6299,-70.7273,2,0.8,
-41.6299,-31.1442,-65.5,116,580,144,158,-41.6299,-70.7273,2,0.8,
-41.6299,-31.6099,-63.5,117,585,146,159,-41.6299,-70.7273,2,0.8,
-41.6299,-31.6099,-69.5,118,590,147,161,-41.6299,-70.7273,2,0.8,
-41.6299,-31.6099,-65,119,595,148,162,-41.6299,-70.7273,2,0.8,
-41.6299,-31.1442,-64.5,120,600,149,163,-41.6299,-70.7273,2,0.8,
-41.6299,-31.3793,-59,121,605,151,164,-41.6299,-61.745,2,0.8,
-41.6299,-31.3793,-60,122,610,152,166,-41.6299,-61.745,2,0.8,
-41.6299,-31.8808,-61,123,615,153,167,-41.6299,-61.745,2,0.8,
-41.6299,-31.8808,-59,124,620,154,168,-41.6299,-61.745,2,0.8,
-41.6299,-31.8808,-61,125,625,156,169,-41.6299,-61.745,2,0.8,
-41.6299,-32.4902,-57.5,126,630,157,171,-41.6299,-61.745,1,0.8,
-41.6299,-34.4448,-59,127,635,158,172,-41.6299,-61.745,2,0.8,
-41.6299,-34.4448,-61,128,640,159,173,-41.6299,-61.745,2,0.8,
-41.6299,-33.468,-61.5,129,645,161,174,-41.6299,-61.745,2,0.8,
-41.6299,-32.4902,-65.5,130,650,162,176,-41.6299,-61.745,1,0.8,
-41.6299,-37.9342,-64,131,655,163,177,-41.6299,-61.745,2,0.8,
-41.6299,-37.9342,-57.5,132,660,164,178,-41.6299,-61.745,2,0.8,
-41.6299,-33.468,-67,133,665,166,179,-41.6299,-61.745,2,0.8,
-41.6299,-34.4448,-62,134,670,167,181,-41.6299,-61.745,2,0.8,
-41.6299,-32.4902,-61,135,675,168,182,-41.6299,-61.745,2,0.8,
-41.6299,-31.6099,-60,136,680,169,183,-41.6299,-61.745,2,0.8,
-41.6299,-31.6099,-61,137,685,171,184,-41.6299,-61.745,2,0.8,
-41.6299,-31.6099,-61.5,138,690,172,186,-41.6299,-81.8601,2,0.8,
-41.6299,-31.6099,-61,139,695,173,187,-41.6299,-81.8601,2,0.8,
-41.6299,-46.6348,-57.5,140,700,174,188,-41.6299,-81.8601,2,0.8,
-41.6299,-45.5392,-62.5,141,705,176,189,-41.6299,-81.8601,2,0.8,
-41.6299,-46.1692,-61.5,142,710,177,191,-41.6299,-81.8601,2,0.8,
-41.6299,-47.0851,-66.5,143,715,178,192,-41.6299,-81.8601,1,0.8,
-41.6299,-53.4764,-65.5,144,720,179,193,-41.6299,-81.8601,2,0.8,
-41.6299,-52.9353,-65,145,725,181,194,-41.6299,-81.8601,2,0.8,
-41.6299,-52.9353,-59,146,730,182,196,-41.6299,-81.8601,2,0.8,
-41.6299,-52.9353,-70,147,735,183,197,-41.6299,-81.8601,2,0.8,
-41.6299,-52.9353,-67.5,148,740,184,198,-41.6299,-81.8601,2,0.8,
-41.6299,-52.9353,-66,149,745,186,199,-41.6299,-81.8601,2,0.8,
-41.6299,-52.9353,-67,150,750,187,201,-41.6299,-81.8601,2,0.8,
-41.6299,-53.4764,-68,151,755,188,202,-41.6299,-81.8601,2,0.8,
-41.6299,-54.2904,-67.5,152,760,189,203,-41.6299,-81.8601,2,0.8,
-41.6299,-55.2763,-67,153,765,191,204,-41.6299,-81.8601,2,0.8,
-41.6299,-56.3819,-75,154,770,192,206,-41.6299,-81.8601,2,0.8,
-41.6299,-59.7904,-73.5,155,775,193,207,-41.6299,-81.8601,2,0.8,
-41.6299,-60.9243,-77.5,156,780,194,208,-41.6299,-81.8601,1,0.8,
-41.6299,-59.7176,-71,157,785,196,209,-41.6299,-81.8601,2,0.8,
-41.6299,-60.9243,-73,158,790,197,211,-41.6299,-81.8601,1,0.8,
-41.6299,-59.7176,-70,159,795,198,212,-41.6299,-81.8601,1,0.8,
-41.6299,-59.7176,-72,160,800,199,213,-41.6299,-52.7627,2,0.8,
-41.6299,-60.7223,-62,161,805,201,214,-41.6299,-52.7627,2,0.8,
-41.6299,-61.745,-60,162,810,202,216,-41.6299,-52.7627,2,0.8,
-41.6299,-61.745,-57.5,163,815,203,217,-41.6299,-52.7627,1,0.8,
-41.6299,-59.181,-51.5,164,820,204,218,-41.6299,-52.7627,2,0.8,
-41.6299,-60.4545,-55,165,825,206,219,-41.6299,-52.7627,1,0.8,
-41.6299,-60.4545,-62.5,166,830,207,221,-70.7273,-52.7627,1,0.35,
-41.6299,-60.4545,-58,167,835,208,222,-70.7273,-52.7627,1,0.35,
-41.6299,-54.5097,-59,168,840,209,223,-70.7273,-52.7627,2,0.35,
-41.6299,-55.5328,-56.5,169,845,211,224,-70.7273,-52.7627,2,0.35,
-41.6299,-60.9768,-45.5,170,850,212,226,-70.7273,-52.7627,2,0.35,
-41.6299,-60.4545,-46,171,855,213,227,-70.7273,-52.7627,2,0.35,
-41.6299,-60.4545,-45.5,172,860,214,228,-70.7273,-52.7627,2,0.35,
-41.6299,-61.745,-44,173,865,216,229,-70.7273,-52.7627,2,0.35,
-41.6299,-62.9198,-53.5,174,870,217,231,-70.7273,-52.7627,2,0.35,
-41.6299,-64.6416,-37.5,175,875,218,232,-70.7273,-52.7627,1,0.35,
-41.6299,-63.1981,-41,176,880,219,233,-70.7273,-52.7627,1,0.35,
-41.6299,-64.309,-44,177,885,221,234,-70.7273,-41.6299,1,0.35,
-41.6299,-64.309,-37.5,178,890,222,236,-70.7273,-41.6299,1,0.35,
-41.6299,-63.1981,-55,179,895,223,237,-70.7273,-41.6299,1,0.35,
-41.6299,-61.745,-58,180,900,224,238,-70.7273,-41.6299,2,0.35,
-41.6299,-65.5379,-41.5,181,905,226,239,-70.7273,-41.6299,1,0.35,
-41.6299,-65.5379,-42,182,910,227,241,-70.7273,-41.6299,2,0.35,
-41.6299,-69.3503,-44,183,915,228,242,-70.7273,-41.6299,1,0.35,
-41.6299,-69.3503,-53.5,184,920,229,243,-70.7273,-41.6299,1,0.35,
-41.6299,-69.3503,-40.5,185,925,231,244,-70.7273,-41.6299,1,0.35,
-41.6299,-69.5479,-42.5,186,930,232,246,-70.7273,-41.6299,2,0.35,
-41.6299,-69.5479,-48.5,187,935,233,247,-70.7273,-41.6299,2,0.35,
-41.6299,-69.5479,-41.5,188,940,234,248,-70.7273,-41.6299,1,0.35,
-41.6299,-69.5479,-50,189,945,236,249,-70.7273,-41.6299,1,0.35,
-41.6299,-68.4118,-46.5,190,950,237,251,-70.7273,-41.6299,1,0.35,
-41.6299,-68.2137,-46.5,191,955,238,252,-70.7273,-41.6299,2,0.35,
-41.6299,-69.1996,-45,192,960,239,253,-70.7273,-41.6299,2,0.35,
-41.6299,-75.3002,-41,193,965,241,254,-70.7273,-41.6299,1,0.35,
-41.6299,-74.2755,-39,194,970,242,256,-70.7273,-41.6299,2,0.35,
-41.6299,-74.2755,-41,195,975,243,257,-70.7273,-41.6299,2,0.35,
-41.6299,-68.4118,-60,196,980,244,258,-70.7273,-41.6299,1,0.35,
-41.6299,-68.2137,-68,197,985,246,259,-70.7273,-41.6299,1,0.35,
-41.6299,-67.1081,-63,198,990,247,261,-70.7273,-41.6299,1,0.35,
-41.6299,-67.1081,-56.5,199,995,248,262,-70.7273,-70.7273,2,0.35,
-41.6299,-64.7243,-73.5,200,1000,249,263,-70.7273,-70.7273,1,0.35,
-41.6299,-64.7959,-58.5,201,1005,251,264,-70.7273,-70.7273,1,0.35,
-41.6299,-64.7959,-63,202,1010,252,266,-70.7273,-70.7273,1,0.35,
-41.6299,-63.6996,-65,203,1015,253,267,-70.7273,-70.7273,2,0.35,
-41.6299,-63.6996,-61.5,204,1020,254,268,-70.7273,-70.7273,1,0.35,
-41.6299,-63.6996,-68,205,1025,256,269,-70.7273,-70.7273,1,0.35,
-41.6299,-63.7724,-57,206,1030,257,271,-70.7273,-70.7273,1,0.35,
-70.7273,-62.7677,-67,207,1035,258,272,-70.7273,-70.7273,1,0.35,
-70.7273,-61.745,-59.5,208,1040,259,273,-70.7273,-70.7273,1,0.35,
-70.7273,-61.745,-57.5,209,1045,261,274,-70.7273,-70.7273,1,0.35,
-70.7273,-61.4163,121,210,1050,262,276,-70.7273,-70.7273,2,0.35,
-70.7273,-62.5656,-63,211,1055,263,277,-70.7273,-70.7273,2,0.35,
-70.7273,-64.5601,-72,212,1060,264,278,-70.7273,-70.7273,1,0.35,
-70.7273,-63.1724,-65.5,213,1065,266,279,-70.7273,-70.7273,2,0.35,
-70.7273,-63.1724,-63,214,1070,267,281,-70.7273,-70.7273,1,0.35,
-70.7273,-62.3373,-67,215,1075,268,282,-70.7273,-70.7273,1,0.35,
-70.7273,-60.8487,-63,216,1080,269,283,-70.7273,-70.7273,2,0.35,
-70.7273,-63.1724,-68,217,1085,271,284,-70.7273,-41.6299,2,0.35,
-70.7273,-64.5601,-65,218,1090,272,286,-70.7273,-41.6299,2,0.35,
-70.7273,-62.5656,-60.5,219,1095,273,287,-70.7273,-41.6299,2,0.35,
-70.7273,-65.9013,-67,220,1100,274,288,-70.7273,-41.6299,1,0.35,
-70.7273,-65.2344,-47,221,1105,276,289,-70.7273,-41.6299,2,0.35,
-70.7273,-67.189,-52,222,1110,277,291,-70.7273,-41.6299,1,0.35,
-70.7273,-67.189,-48.5,223,1115,278,292,-70.7273,-41.6299,2,0.35,
-70.7273,-74.2755,-38.5,224,1120,279,293,-70.7273,-41.6299,1,0.35,
-70.7273,-72.8473,-37.5,225,1125,281,294,-70.7273,-41.6299,1,0.35,
-70.7273,-72.8473,-47,226,1130,282,296,-70.7273,-41.6299,2,0.35,
-70.7273,-74.2755,-45,227,1135,283,297,-70.7273,-41.6299,2,0.35,
-70.7273,-68.4118,-44,228,1140,284,298,-70.7273,-41.6299,1,0.35,
-70.7273,-68.4118,-45,229,1145,286,299,-70.7273,-41.6299,1,0.35,
-70.7273,-68.0185,-50,230,1150,287,301,-70.7273,-41.6299,2,0.35,
-70.7273,-69.3503,-48.5,231,1155,288,302,-70.7273,-41.6299,2,0.35,
-70.7273,-70.609,-37.5,232,1160,289,303,-70.7273,-41.6299,1,0.35,
-70.7273,-69.3503,-47,233,1165,291,304,-70.7273,-41.6299,1,0.35,
-70.7273,-69.3503,-49.5,234,1170,292,306,-70.7273,-41.6299,1,0.35,
-70.7273,-69.3503,-53.5,235,1175,293,307,-70.7273,-41.6299,2,0.35,
-70.7273,-70.609,-62.5,236,1180,294,308,-70.7273,-81.8601,2,0.35,
-70.7273,-70.609,-65.5,237,1185,296,309,-70.7273,-81.8601,2,0.35,
-70.7273,-71.3456,-76.5,238,1190,297,311,-70.7273,-81.8601,1,0.35,
-70.7273,-67.4549,-66,239,1195,298,312,-70.7273,-81.8601,2,0.35,
-70.7273,-67.4549,-70,240,1200,299,313,-70.7273,-81.8601,1,0.35,
-70.7273,-67.7699,,241,,301,314,-70.7273,,1,0.35,
-70.7273,-66.7183,,242,,302,316,-70.7273,,2,0.35,
-70.7273,-70.609,,243,,303,317,-70.7273,,1,0.35,
-70.7273,-69.3503,,244,,304,318,-70.7273,,1,0.35,
-70.7273,-69.3503,,245,,306,319,-70.7273,,1,0.35,
-70.7273,-68.045,,246,,307,321,-70.7273,,1,0.35,
-70.7273,-64.1543,,247,,308,322,-70.7273,,1,0.35,
-70.7273,-62.6413,,248,,309,323,-70.7273,,2,0.35,
-70.7273,-62.6413,,249,,311,324,-70.7273,,1,0.35,
-70.7273,-61.1527,,250,,312,326,-70.7273,,1,0.35,
-70.7273,-61.1527,,251,,313,327,-70.7273,,2,0.35,
-70.7273,-63.3067,,252,,314,328,-70.7273,,1,0.35,
-70.7273,-58.0981,,253,,316,329,-70.7273,,1,0.35,
-70.7273,-56.3607,,254,,317,331,-70.7273,,1,0.35,
-70.7273,-52.7449,,255,,318,332,-70.7273,,1,0.35,
-70.7273,-52.7449,,256,,319,333,-70.7273,,2,0.35,
-70.7273,-52.7449,,257,,321,334,-70.7273,,1,0.35,
-70.7273,-51.1691,,258,,322,336,-70.7273,,1,0.35,
-70.7273,-51.1691,,259,,323,337,-70.7273,,1,0.35,
-70.7273,-49.6424,,260,,324,338,-52.7627,,2,0.65,
-70.7273,-49.6424,,261,,326,339,-52.7627,,1,0.65,
-70.7273,-33.7961,,262,,327,341,-52.7627,,2,0.65,
-70.7273,-37.1317,,263,,328,342,-52.7627,,2,0.65,
-70.7273,-37.1317,,264,,329,343,-52.7627,,1,0.65,
-70.7273,-37.1317,,265,,331,344,-52.7627,,2,0.65,
-70.7273,-34.4448,,266,,332,346,-52.7627,,1,0.65,
-70.7273,-33.7961,,267,,333,347,-52.7627,,2,0.65,
-70.7273,-34.4448,,268,,334,348,-52.7627,,1,0.65,
-70.7273,-33.7961,,269,,336,349,-52.7627,,1,0.65,
-70.7273,-33.1393,,270,,337,351,-52.7627,,2,0.65,
-70.7273,-33.1393,,271,,338,352,-52.7627,,2,0.65,
-70.7273,-48.1642,,272,,339,353,-52.7627,,2,0.65,
-70.7273,-48.1642,,273,,341,354,-52.7627,,2,0.65,
-70.7273,-48.1642,,274,,342,356,-52.7627,,1,0.65,
-70.7273,-46.7436,,275,,343,357,-52.7627,,2,0.65,
-70.7273,-48.1642,,276,,344,358,-52.7627,,1,0.65,
-70.7273,-46.7436,,277,,346,359,-52.7627,,2,0.65,
-70.7273,-48.1642,,278,,347,361,-52.7627,,2,0.65,
-70.7273,-49.6402,,279,,348,362,-52.7627,,1,0.65,
-70.7273,-47.9707,,280,,349,363,-52.7627,,2,0.65,
-70.7273,-49.6402,,281,,351,364,-52.7627,,2,0.65,
-70.7273,-51.3081,,282,,352,366,-52.7627,,1,0.65,
-70.7273,-57.0363,,283,,353,367,-52.7627,,2,0.65,
-70.7273,-57.0363,,284,,354,368,-52.7627,,2,0.65,
-70.7273,-57.0363,,285,,356,369,-52.7627,,2,0.65,
-70.7273,-57.0363,,286,,357,371,-52.7627,,1,0.65,
-70.7273,-55.445,,287,,358,372,-52.7627,,2,0.65,
-70.7273,-55.445,,288,,359,373,-52.7627,,1,0.65,
-70.7273,-53.8496,,289,,361,374,-52.7627,,2,0.65,
-70.7273,-57.7253,,290,,362,376,-52.7627,,2,0.65,
-70.7273,-57.7253,,291,,363,377,-52.7627,,1,0.65,
-70.7273,-57.7253,,292,,364,378,-52.7627,,2,0.65,
-70.7273,-57.7253,,293,,366,379,-52.7627,,2,0.65,
-70.7273,-57.7253,,294,,367,381,-52.7627,,2,0.65,
-70.7273,-81.5361,,295,,368,382,-52.7627,,1,0.65,
-70.7273,-52.2506,,296,,369,383,-52.7627,,2,0.65,
-70.7273,-52.2506,,297,,371,384,-52.7627,,2,0.65,
-70.7273,-52.2506,,298,,372,386,-52.7627,,2,0.65,
-70.7273,-52.2506,,299,,373,387,-52.7627,,1,0.65,
-70.7273,-46.3058,,300,,374,388,-52.7627,,2,0.65,
-70.7273,-46.3058,,301,,376,389,-52.7627,,1,0.65,
-70.7273,-44.6753,,302,,377,391,-52.7627,,2,0.65,
-70.7273,-44.6753,,303,,378,392,-52.7627,,2,0.65,
-70.7273,-44.6753,,304,,379,393,-52.7627,,1,0.65,
-70.7273,-43.174,,305,,381,394,-52.7627,,1,0.65,
-70.7273,-43.174,,306,,382,396,-52.7627,,1,0.65,
-70.7273,-31.6099,,307,,383,397,-52.7627,,2,0.65,
-70.7273,-32.4902,,308,,384,398,-52.7627,,2,0.65,
-70.7273,-31.3793,,309,,386,399,-52.7627,,2,0.65,
-70.7273,-31.3793,,310,,387,401,-52.7627,,2,0.65,
-70.7273,-44.2172,,311,,388,402,-52.7627,,2,0.65,
-70.7273,-44.2172,,312,,389,403,-52.7627,,2,0.65,
-70.7273,-44.2172,,313,,391,404,-52.7627,,2,0.65,
-70.7273,-45.4068,,314,,392,406,-52.7627,,2,0.65,
-70.7273,-45.4068,,315,,393,407,-52.7627,,1,0.65,
-70.7273,-46.3058,,316,,394,408,-52.7627,,2,0.65,
-70.7273,-46.3058,,317,,396,409,-52.7627,,2,0.65,
-70.7273,-45.4068,,318,,397,411,-52.7627,,1,0.65,
-70.7273,-46.3058,,319,,398,412,-52.7627,,2,0.65,
-70.7273,-46.3058,,320,,399,413,-52.7627,,2,0.65,
-70.7273,-46.3058,,321,,401,414,-52.7627,,2,0.65,
-70.7273,-53.8496,,322,,402,416,-52.7627,,2,0.65,
-70.7273,-53.8496,,323,,403,417,-52.7627,,2,0.65,
-52.7627,-53.8496,,324,,404,418,-52.7627,,2,0.65,
-52.7627,-55.445,,325,,406,419,-52.7627,,2,0.65,
-52.7627,-55.445,,326,,407,421,-52.7627,,2,0.65,
-52.7627,-55.445,,327,,408,422,-52.7627,,2,0.65,
-52.7627,-55.445,,328,,409,423,-52.7627,,2,0.65,
-52.7627,-54.1397,,329,,411,424,-52.7627,,2,0.65,
-52.7627,-52.881,,330,,412,426,-52.7627,,2,0.65,
-52.7627,-52.9353,,331,,413,427,-52.7627,,2,0.65,
-52.7627,-52.1444,,332,,414,428,-52.7627,,1,0.65,
-52.7627,-52.881,,333,,416,429,-52.7627,,2,0.65,
-52.7627,-52.9353,,334,,417,431,-52.7627,,1,0.65,
-52.7627,-46.1692,,335,,418,432,-52.7627,,2,0.65,
-52.7627,-46.1692,,336,,419,433,-52.7627,,2,0.65,
-52.7627,-47.0851,,337,,421,434,-52.7627,,2,0.65,
-52.7627,-46.1692,,338,,422,436,-52.7627,,2,0.65,
-52.7627,-47.0851,,339,,423,437,-52.7627,,2,0.65,
-52.7627,-47.0851,,340,,424,438,-52.7627,,2,0.65,
-52.7627,-47.8685,,341,,426,439,-52.7627,,1,0.65,
-52.7627,-47.0851,,342,,427,441,-52.7627,,2,0.65,
-52.7627,-47.8685,,343,,428,442,-52.7627,,2,0.65,
-52.7627,-47.0851,,344,,429,443,-52.7627,,2,0.65,
-52.7627,-48.1898,,345,,431,444,-52.7627,,1,0.65,
-52.7627,-48.1898,,346,,432,446,-52.7627,,2,0.65,
-52.7627,-48.8791,,347,,433,447,-52.7627,,2,0.65,
-52.7627,-49.436,,348,,434,448,-52.7627,,2,0.65,
-52.7627,-50.6427,,349,,436,449,-52.7627,,2,0.65,
-52.7627,-50.6427,,350,,437,451,-61.745,,2,0.5,
-52.7627,-52.1533,,351,,438,452,-61.745,,2,0.5,
-52.7627,-52.1533,,352,,439,453,-61.745,,1,0.5,
-52.7627,-52.1533,,353,,441,454,-61.745,,2,0.5,
-52.7627,-52.2813,,354,,442,456,-61.745,,1,0.5,
-52.7627,-50.802,,355,,443,457,-61.745,,2,0.5,
-52.7627,-51.401,,356,,444,458,-61.745,,2,0.5,
-52.7627,-51.401,,357,,446,459,-61.745,,1,0.5,
-52.7627,-51.401,,358,,447,461,-61.745,,1,0.5,
-52.7627,-51.401,,359,,448,462,-61.745,,2,0.5,
-52.7627,-52.881,,360,,449,463,-61.745,,2,0.5,
-52.7627,-53.8777,,361,,451,464,-61.745,,2,0.5,
-52.7627,-55.6029,,362,,452,466,-61.745,,1,0.5,
-52.7627,-53.8777,,363,,453,467,-61.745,,2,0.5,
-52.7627,-53.8777,,364,,454,468,-61.745,,2,0.5,
-52.7627,-55.445,,365,,456,469,-61.745,,2,0.5,
-52.7627,-61.745,,366,,457,471,-61.745,,1,0.5,
-52.7627,-60.3176,,367,,458,472,-61.745,,2,0.5,
-52.7627,-60.3176,,368,,459,473,-61.745,,1,0.5,
-52.7627,-60.3176,,369,,461,474,-61.745,,1,0.5,
-52.7627,-53.7505,,370,,462,476,-61.745,,2,0.5,
-52.7627,-53.7505,,371,,463,477,-61.745,,1,0.5,
-52.7627,-53.7505,,372,,464,478,-61.745,,1,0.5,
-52.7627,-52.2813,,373,,466,479,-61.745,,2,0.5,
-52.7627,-52.2813,,374,,467,481,-61.745,,1,0.5,
-52.7627,-51.401,,375,,468,482,-61.745,,2,0.5,
-52.7627,-52.881,,376,,469,483,-61.745,,1,0.5,
-52.7627,-52.324,,377,,471,484,-61.745,,2,0.5,
-52.7627,-51.401,,378,,472,486,-61.745,,2,0.5,
-52.7627,-57.9681,,379,,473,487,-61.745,,2,0.5,
-52.7627,-60.7223,,380,,474,488,-61.745,,2,0.5,
-52.7627,-60.7223,,381,,476,489,-61.745,,1,0.5,
-52.7627,-59.7176,,382,,477,491,-61.745,,1,0.5,
-52.7627,-59.7176,,383,,478,492,-61.745,,1,0.5,
-52.7627,-60.7203,,384,,479,493,-61.745,,1,0.5,
-52.7627,-61.2151,,385,,481,494,-61.745,,1,0.5,
-52.7627,-60.7726,,386,,482,496,-61.745,,2,0.5,
-52.7627,-61.2151,,387,,483,497,-61.745,,2,0.5,
-52.7627,-61.2151,,388,,484,498,-61.745,,1,0.5,
-52.7627,-61.2151,,389,,486,499,-61.745,,1,0.5,
-52.7627,-60.7203,,390,,487,501,-61.745,,2,0.5,
-52.7627,-60.9302,,391,,488,502,-61.745,,2,0.5,
-52.7627,-60.9302,,392,,489,503,-61.745,,1,0.5,
-52.7627,-60.9302,,393,,491,504,-61.745,,2,0.5,
-52.7627,-61.2793,,394,,492,506,-61.745,,2,0.5,
-52.7627,-61.2793,,395,,493,507,-61.745,,1,0.5,
-52.7627,-61.2793,,396,,494,508,-61.745,,2,0.5,
-52.7627,-60.9302,,397,,496,509,-61.745,,2,0.5,
-52.7627,-61.5144,,398,,497,511,-61.745,,2,0.5,
-52.7627,-61.487,,399,,498,512,-61.745,,1,0.5,
-52.7627,-61.487,,400,,499,513,-61.745,,2,0.5,
-52.7627,-62.6938,,401,,501,514,-61.745,,2,0.5,
-52.7627,-63.6031,,402,,502,516,-61.745,,1,0.5,
-52.7627,-63.2142,,403,,503,517,-61.745,,1,0.5,
-52.7627,-60.3176,,404,,504,518,-61.745,,2,0.5,
-52.7627,-61.1527,,405,,506,519,-61.745,,2,0.5,
-52.7627,-64.2965,,406,,507,521,-61.745,,1,0.5,
-52.7627,-64.2965,,407,,508,522,-61.745,,1,0.5,
-52.7627,-61.1527,,408,,509,523,-61.745,,1,0.5,
-52.7627,-56.0742,,409,,511,524,-61.745,,2,0.5,
-52.7627,-55.445,,410,,512,526,-61.745,,1,0.5,
-52.7627,-55.445,,411,,513,527,-61.745,,2,0.5,
-52.7627,-55.445,,412,,514,528,-61.745,,2,0.5,
-52.7627,-56.0742,,413,,516,529,-61.745,,2,0.5,
-52.7627,-59.8866,,414,,517,531,-61.745,,1,0.5,
-52.7627,-59.8866,,415,,518,532,-61.745,,2,0.5,
-52.7627,-61.745,,416,,519,533,-70.7273,,1,0.35,
-52.7627,-61.745,,417,,521,534,-70.7273,,1,0.35,
-52.7627,-59.8866,,418,,522,536,-70.7273,,2,0.35,
-52.7627,-67.2827,,419,,523,537,-70.7273,,1,0.35,
-52.7627,-72.1819,,420,,524,538,-70.7273,,2,0.35,
-52.7627,-73.8498,,421,,526,539,-70.7273,,1,0.35,
-52.7627,-66.4537,,422,,527,541,-70.7273,,2,0.35,
-52.7627,-68.045,,423,,528,542,-70.7273,,1,0.35,
-52.7627,-64.1543,,424,,529,543,-70.7273,,1,0.35,
-52.7627,-64.1543,,425,,531,544,-70.7273,,1,0.35,
-52.7627,-61.745,,426,,532,546,-70.7273,,1,0.35,
-52.7627,-60.3176,,427,,533,547,-70.7273,,2,0.35,
-52.7627,-61.745,,428,,534,548,-70.7273,,2,0.35,
-52.7627,-64.309,,429,,536,549,-70.7273,,1,0.35,
-52.7627,-61.5477,,430,,537,551,-70.7273,,1,0.35,
-52.7627,-61.5477,,431,,538,552,-70.7273,,2,0.35,
-52.7627,-61.745,,432,,539,553,-70.7273,,1,0.35,
-52.7627,-62.5432,,433,,541,554,-70.7273,,2,0.35,
-52.7627,-63.6364,,434,,542,556,-70.7273,,1,0.35,
-52.7627,-62.5432,,435,,543,557,-70.7273,,2,0.35,
-52.7627,-62.5432,,436,,544,558,-70.7273,,2,0.35,
-61.745,-62.5432,,437,,546,559,-70.7273,,1,0.35,
-61.745,-62.5432,,438,,547,561,-70.7273,,1,0.35,
-61.745,-62.5432,,439,,548,562,-70.7273,,1,0.35,
-61.745,-62.5432,,440,,549,563,-70.7273,,1,0.35,
-61.745,-61.745,,441,,551,564,-70.7273,,2,0.35,
-61.745,-62.5432,,442,,552,566,-70.7273,,1,0.35,
-61.745,-62.5432,,443,,553,567,-70.7273,,1,0.35,
-61.745,-60.4545,,444,,554,568,-70.7273,,1,0.35,
-61.745,-60.4545,,445,,556,569,-70.7273,,2,0.35,
-61.745,-61.5477,,446,,557,571,-70.7273,,1,0.35,
-61.745,-61.5477,,447,,558,572,-70.7273,,2,0.35,
-61.745,-63.1981,,448,,559,573,-70.7273,,1,0.35,
-61.745,-61.5477,,449,,561,574,-70.7273,,2,0.35,
-61.745,-63.1981,,450,,562,576,-70.7273,,2,0.35,
-61.745,-64.6416,,451,,563,577,-70.7273,,1,0.35,
-61.745,-63.1981,,452,,564,578,-70.7273,,1,0.35,
-61.745,-59.1976,,453,,566,579,-70.7273,,2,0.35,
-61.745,-61.745,,454,,567,581,-70.7273,,1,0.35,
-61.745,-61.745,,455,,568,582,-70.7273,,2,0.35,
-61.745,-65.7647,,456,,569,583,-70.7273,,1,0.35,
-61.745,-41.9539,,457,,571,584,-70.7273,,1,0.35,
-61.745,-37.9342,,458,,572,586,-70.7273,,2,0.35,
-61.745,-41.3634,,459,,573,587,-70.7273,,2,0.35,
-61.745,-41.3634,,460,,574,588,-70.7273,,2,0.35,
-61.745,-41.3634,,461,,576,589,-70.7273,,1,0.35,
-61.745,-40.7448,,462,,577,591,-70.7273,,1,0.35,
-61.745,-40.7448,,463,,578,592,-70.7273,,1,0.35,
-61.745,-36.8541,,464,,579,593,-70.7273,,2,0.35,
-61.745,-36.8541,,465,,581,594,-70.7273,,1,0.35,
-61.745,-36.2831,,466,,582,596,-70.7273,,1,0.35,
-61.745,-36.2831,,467,,583,597,-70.7273,,2,0.35,
-61.745,-36.8541,,468,,584,598,-70.7273,,1,0.35,
-61.745,-36.2831,,469,,586,599,-70.7273,,1,0.35,
-61.745,-33.9594,,470,,587,601,-70.7273,,1,0.35,
-61.745,-33.468,,471,,588,602,-70.7273,,1,0.35,
-61.745,-32.9754,,472,,589,603,-70.7273,,2,0.35,
-61.745,-34.4448,,473,,591,604,-70.7273,,1,0.35,
-61.745,-34.4448,,474,,592,606,-70.7273,,1,0.35,
-61.745,-33.7961,,475,,593,607,-70.7273,,2,0.35,
-61.745,-34.4448,,476,,594,608,-70.7273,,1,0.35,
-61.745,-34.4448,,477,,596,609,-70.7273,,1,0.35,
-61.745,-34.4448,,478,,597,611,-70.7273,,1,0.35,
-61.745,-33.7961,,479,,598,612,-70.7273,,1,0.35,
-61.745,-33.1393,,480,,599,613,-70.7273,,2,0.35,
-61.745,-33.7961,,481,,601,614,-70.7273,,2,0.35,
-61.745,-37.1317,,482,,602,616,-61.745,,2,0.5,
-61.745,-37.9342,,483,,603,617,-61.745,,2,0.5,
-61.745,-54.6585,,484,,604,618,-61.745,,2,0.5,
-61.745,-54.6585,,485,,606,619,-61.745,,2,0.5,
-61.745,-54.6585,,486,,607,621,-61.745,,1,0.5,
-61.745,-60.1833,,487,,608,622,-61.745,,2,0.5,
-61.745,-60.1833,,488,,609,623,-61.745,,2,0.5,
-61.745,-58.2556,,489,,611,624,-61.745,,2,0.5,
-61.745,-59.6909,,490,,612,626,-61.745,,1,0.5,
-61.745,-59.6909,,491,,613,627,-61.745,,1,0.5,
-61.745,-59.6909,,492,,614,628,-61.745,,2,0.5,
-61.745,-61.1527,,493,,616,629,-61.745,,2,0.5,
-61.745,-64.8747,,494,,617,631,-61.745,,2,0.5,
-61.745,-66.4537,,495,,618,632,-61.745,,2,0.5,
-61.745,-68.045,,496,,619,633,-61.745,,2,0.5,
-61.745,-68.045,,497,,621,634,-61.745,,1,0.5,
-61.745,-64.1543,,498,,622,636,-61.745,,2,0.5,
-61.745,-66.7183,,499,,623,637,-61.745,,1,0.5,
-61.745,-65.5379,,500,,624,638,-61.745,,1,0.5,
-61.745,-63.2142,,501,,626,639,-61.745,,1,0.5,
-61.745,-63.2142,,502,,627,641,-61.745,,2,0.5,
-61.745,-63.2142,,503,,628,642,-61.745,,2,0.5,
-61.745,-63.2142,,504,,629,643,-61.745,,1,0.5,
-61.745,-63.2142,,505,,631,644,-61.745,,1,0.5,
-61.745,-63.2142,,506,,632,646,-61.745,,1,0.5,
-61.745,-63.6031,,507,,633,647,-61.745,,1,0.5,
-61.745,-61.745,,508,,634,648,-61.745,,2,0.5,
-61.745,-61.745,,509,,636,649,-61.745,,2,0.5,
-61.745,-62.4816,,510,,637,651,-61.745,,1,0.5,
-61.745,-61.8707,,511,,638,652,-61.745,,2,0.5,
-61.745,-61.8707,,512,,639,653,-61.745,,2,0.5,
-61.745,-61.8707,,513,,641,654,-61.745,,1,0.5,
-61.745,-61.1879,,514,,642,656,-61.745,,1,0.5,
-61.745,-61.6542,,515,,643,657,-61.745,,1,0.5,
-61.745,-61.6542,,516,,644,658,-61.745,,1,0.5,
-61.745,-61.2793,,517,,646,659,-61.745,,1,0.5,
-61.745,-61.2793,,518,,647,661,-61.745,,1,0.5,
-70.7273,-61.5144,,519,,648,662,-61.745,,1,0.5,
-70.7273,-61.487,,520,,649,663,-61.745,,2,0.5,
-70.7273,-61.5144,,521,,651,664,-61.745,,2,0.5,
-70.7273,-60.9302,,522,,652,666,-61.745,,1,0.5,
-70.7273,-59.7499,,523,,653,667,-61.745,,2,0.5,
-70.7273,-59.7499,,524,,654,668,-61.745,,2,0.5,
-70.7273,-59.985,,525,,656,669,-61.745,,1,0.5,
-70.7273,-59.985,,526,,657,671,-61.745,,2,0.5,
-70.7273,-60.8647,,527,,658,672,-61.745,,2,0.5,
-70.7273,-61.1879,,528,,659,673,-61.745,,1,0.5,
-70.7273,-61.1879,,529,,661,674,-61.745,,1,0.5,
-70.7273,-61.1879,,530,,662,676,-61.745,,1,0.5,
-70.7273,-59.4607,,531,,663,677,-61.745,,2,0.5,
-70.7273,-61.1879,,532,,664,678,-61.745,,2,0.5,
-70.7273,-61.1879,,533,,666,679,-61.745,,1,0.5,
-70.7273,-59.782,,534,,667,681,-61.745,,2,0.5,
-70.7273,-60.4545,,535,,668,682,-61.745,,2,0.5,
-70.7273,-61.5477,,536,,669,683,-61.745,,2,0.5,
-70.7273,-64.309,,537,,671,684,-61.745,,2,0.5,
-70.7273,-65.2868,,538,,672,686,-61.745,,1,0.5,
-70.7273,-62.9198,,539,,673,687,-61.745,,1,0.5,
-70.7273,-62.9198,,540,,674,688,-61.745,,2,0.5,
-70.7273,-64.1922,,541,,676,689,-61.745,,1,0.5,
-70.7273,-62.9198,,542,,677,691,-61.745,,2,0.5,
-70.7273,-63.1981,,543,,678,692,-61.745,,2,0.5,
-70.7273,-62.9198,,544,,679,693,-61.745,,1,0.5,
-70.7273,-61.5477,,545,,681,694,-61.745,,2,0.5,
-70.7273,-61.745,,546,,682,696,-61.745,,1,0.5,
-70.7273,-61.745,,547,,683,697,-61.745,,2,0.5,
-70.7273,-61.745,,548,,684,698,-61.745,,1,0.5,
-70.7273,-61.745,,549,,686,699,-61.745,,1,0.5,
-70.7273,-61.745,,550,,687,701,-61.745,,1,0.5,
-70.7273,-60.9768,,551,,688,702,-61.745,,2,0.5,
-70.7273,-61.745,,552,,689,703,-61.745,,1,0.5,
-70.7273,-61.745,,553,,691,704,-81.8601,,1,0.2,
-70.7273,-61.745,,554,,692,706,-81.8601,,2,0.2,
-70.7273,-62.9198,,555,,693,707,-81.8601,,1,0.2,
-70.7273,-58.2742,,556,,694,708,-81.8601,,2,0.2,
-70.7273,-57.4758,,557,,696,709,-81.8601,,1,0.2,
-70.7273,-55.6029,,558,,697,711,-81.8601,,1,0.2,
-70.7273,-55.6029,,559,,698,712,-81.8601,,1,0.2,
-70.7273,-54.5097,,560,,699,713,-81.8601,,1,0.2,
-70.7273,-32.4902,,561,,701,714,-81.8601,,1,0.2,
-70.7273,-32.4902,,562,,702,716,-81.8601,,2,0.2,
-70.7273,-33.665,,563,,703,717,-81.8601,,1,0.2,
-70.7273,-33.665,,564,,704,718,-81.8601,,1,0.2,
-70.7273,-33.665,,565,,706,719,-81.8601,,2,0.2,
-70.7273,-33.665,,566,,707,721,-81.8601,,2,0.2,
-70.7273,-34.0571,,567,,708,722,-81.8601,,2,0.2,
-70.7273,-35.8409,,568,,709,723,-81.8601,,2,0.2,
-70.7273,-36.2831,,569,,711,724,-81.8601,,2,0.2,
-70.7273,-36.2831,,570,,712,726,-81.8601,,1,0.2,
-70.7273,-35.8409,,571,,713,727,-81.8601,,2,0.2,
-70.7273,-36.2831,,572,,714,728,-81.8601,,1,0.2,
-70.7273,-36.2831,,573,,716,729,-81.8601,,1,0.2,
-70.7273,-36.2831,,574,,717,731,-81.8601,,2,0.2,
-70.7273,-38.9375,,575,,718,732,-81.8601,,1,0.2,
-70.7273,-38.9375,,576,,719,733,-81.8601,,1,0.2,
-70.7273,-38.9375,,577,,721,734,-81.8601,,1,0.2,
-70.7273,-36.2831,,578,,722,736,-81.8601,,1,0.2,
-70.7273,-36.2831,,579,,723,737,-81.8601,,2,0.2,
-70.7273,-63.9068,,580,,724,738,-81.8601,,2,0.2,
-70.7273,-66.2377,,581,,726,739,-81.8601,,2,0.2,
-70.7273,-68.6676,,582,,727,741,-81.8601,,1,0.2,
-70.7273,-68.6676,,583,,728,742,-81.8601,,2,0.2,
-70.7273,-72.8336,,584,,729,743,-81.8601,,1,0.2,
-70.7273,-68.6676,,585,,731,744,-81.8601,,1,0.2,
-70.7273,-68.6676,,586,,732,746,-81.8601,,1,0.2,
-70.7273,-68.6676,,587,,733,747,-81.8601,,1,0.2,
-70.7273,-68.6676,,588,,734,748,-81.8601,,1,0.2,
-70.7273,-65.9681,,589,,736,749,-81.8601,,2,0.2,
-70.7273,-67.7325,,590,,737,751,-81.8601,,1,0.2,
-70.7273,-67.7325,,591,,738,752,-81.8601,,1,0.2,
-70.7273,-67.7325,,592,,739,753,-81.8601,,1,0.2,
-70.7273,-67.7325,,593,,741,754,-81.8601,,2,0.2,
-70.7273,-70.4726,,594,,742,756,-81.8601,,2,0.2,
-70.7273,-40.3155,,595,,743,757,-81.8601,,1,0.2,
-70.7273,-40.3155,,596,,744,758,-81.8601,,1,0.2,
-70.7273,-40.3155,,597,,746,759,-81.8601,,1,0.2,
-70.7273,-40.3155,,598,,747,761,-81.8601,,1,0.2,
-70.7273,-40.3155,,599,,748,762,-81.8601,,1,0.2,
-70.7273,-40.3155,,600,,749,763,-81.8601,,1,0.2,
-70.7273,-40.3155,,601,,751,764,-81.8601,,2,0.2,
-61.745,-44.5579,,602,,752,766,-81.8601,,1,0.2,
-61.745,-74.6785,,603,,753,767,-81.8601,,1,0.2,
-61.745,-44.5579,,604,,754,768,-81.8601,,1,0.2,
-61.745,-44.5579,,605,,756,769,-81.8601,,1,0.2,
-61.745,-44.5579,,606,,757,771,-81.8601,,1,0.2,
-61.745,-44.5579,,607,,758,772,-81.8601,,1,0.2,
-61.745,-40.3155,,608,,759,773,-81.8601,,2,0.2,
-61.745,-44.5579,,609,,761,774,-81.8601,,1,0.2,
-61.745,-44.5579,,610,,762,776,-81.8601,,1,0.2,
-61.745,-74.6785,,611,,763,777,-81.8601,,1,0.2,
-61.745,-74.6785,,612,,764,778,-81.8601,,2,0.2,
-61.745,-80.5935,,613,,766,779,-81.8601,,1,0.2,
-61.745,-80.5935,,614,,767,781,-81.8601,,1,0.2,
-61.745,-72.8336,,615,,768,782,-81.8601,,1,0.2,
-61.745,-72.8336,,616,,769,783,-81.8601,,1,0.2,
-61.745,-72.8336,,617,,771,784,-81.8601,,1,0.2,
-61.745,-73.6604,,618,,772,786,-81.8601,,1,0.2,
-61.745,-72.6538,,619,,773,787,-81.8601,,1,0.2,
-61.745,-68.5801,,620,,774,788,-81.8601,,1,0.2,
-61.745,-68.5801,,621,,776,789,-81.8601,,1,0.2,
-61.745,-67.189,,622,,777,791,-81.8601,,1,0.2,
-61.745,-64.6416,,623,,778,792,-81.8601,,1,0.2,
-61.745,-65.2868,,624,,779,793,-81.8601,,1,0.2,
-61.745,-65.0456,,625,,781,794,-81.8601,,1,0.2,
-61.745,-64.4186,,626,,782,796,-81.8601,,2,0.2,
-61.745,-65.0456,,627,,783,797,-81.8601,,1,0.2,
-61.745,-64.4186,,628,,784,798,-81.8601,,1,0.2,
-61.745,-64.4186,,629,,786,799,-81.8601,,1,0.2,
-61.745,-63.6031,,630,,787,801,-81.8601,,1,0.2,
-61.745,-62.6938,,631,,788,802,-81.8601,,2,0.2,
-61.745,-63.6996,,632,,789,803,-81.8601,,1,0.2,
-61.745,-63.6996,,633,,791,804,-81.8601,,1,0.2,
-61.745,-63.6996,,634,,792,806,-81.8601,,1,0.2,
-61.745,-61.745,,635,,793,807,-81.8601,,1,0.2,
-61.745,-60.4635,,636,,794,808,-81.8601,,1,0.2,
-61.745,-58.2556,,637,,796,809,-81.8601,,1,0.2,
-61.745,-56.8476,,638,,797,811,-81.8601,,2,0.2,
-61.745,-58.6153,,639,,798,812,-81.8601,,1,0.2,
-61.745,-57.0363,,640,,799,813,-81.8601,,1,0.2,
-61.745,-57.0363,,641,,801,814,-52.7627,,2,0.65,
-61.745,-57.0363,,642,,802,816,-52.7627,,2,0.65,
-61.745,-57.0363,,643,,803,817,-52.7627,,2,0.65,
-61.745,-63.6034,,644,,804,818,-52.7627,,1,0.65,
-61.745,-61.745,,645,,806,819,-52.7627,,2,0.65,
-61.745,-61.745,,646,,807,821,-52.7627,,2,0.65,
-61.745,-82.1266,,647,,808,822,-52.7627,,1,0.65,
-61.745,-75.2709,,648,,809,823,-52.7627,,1,0.65,
-61.745,-61.745,,649,,811,824,-52.7627,,2,0.65,
-61.745,-61.745,,650,,812,826,-52.7627,,1,0.65,
-61.745,-61.745,,651,,813,827,-52.7627,,2,0.65,
-61.745,-61.745,,652,,814,828,-52.7627,,1,0.65,
-61.745,-41.9539,,653,,816,829,-52.7627,,2,0.65,
-61.745,-41.9539,,654,,817,831,-52.7627,,2,0.65,
-61.745,-41.9539,,655,,818,832,-52.7627,,2,0.65,
-61.745,-43.0597,,656,,819,833,-52.7627,,1,0.65,
-61.745,-41.9539,,657,,821,834,-52.7627,,1,0.65,
-61.745,-41.9539,,658,,822,836,-52.7627,,2,0.65,
-61.745,-41.9539,,659,,823,837,-52.7627,,2,0.65,
-61.745,-41.9539,,660,,824,838,-52.7627,,1,0.65,
-61.745,-40.7448,,661,,826,839,-52.7627,,2,0.65,
-61.745,-40.7448,,662,,827,841,-52.7627,,2,0.65,
-61.745,-35.3868,,663,,828,842,-52.7627,,2,0.65,
-61.745,-36.2831,,664,,829,843,-52.7627,,1,0.65,
-61.745,-35.3868,,665,,831,844,-52.7627,,2,0.65,
-61.745,-35.3868,,666,,832,846,-52.7627,,2,0.65,
-61.745,-35.3868,,667,,833,847,-52.7627,,1,0.65,
-61.745,-34.4448,,668,,834,848,-52.7627,,2,0.65,
-61.745,-32.4902,,669,,836,849,-52.7627,,2,0.65,
-61.745,-33.1393,,670,,837,851,-52.7627,,2,0.65,
-61.745,-33.1393,,671,,838,852,-52.7627,,1,0.65,
-61.745,-31.6099,,672,,839,853,-52.7627,,2,0.65,
-61.745,-46.6348,,673,,841,854,-52.7627,,1,0.65,
-61.745,-45.5392,,674,,842,856,-52.7627,,2,0.65,
-61.745,-45.5392,,675,,843,857,-52.7627,,1,0.65,
-61.745,-44.6702,,676,,844,858,-52.7627,,2,0.65,
-61.745,-44.2172,,677,,846,859,-52.7627,,2,0.65,
-61.745,-44.2172,,678,,847,861,-52.7627,,2,0.65,
-61.745,-44.2172,,679,,848,862,-52.7627,,1,0.65,
-61.745,-43.3293,,680,,849,863,-52.7627,,2,0.65,
-61.745,-43.3293,,681,,851,864,-52.7627,,1,0.65,
-61.745,-43.174,,682,,852,866,-52.7627,,2,0.65,
-61.745,-43.174,,683,,853,867,-52.7627,,2,0.65,
-61.745,-43.174,,684,,854,868,-52.7627,,2,0.65,
-61.745,-43.174,,685,,856,869,-52.7627,,2,0.65,
-61.745,-43.174,,686,,857,871,-52.7627,,2,0.65,
-61.745,-42.1163,,687,,858,872,-52.7627,,1,0.65,
-61.745,-42.8965,,688,,859,873,-52.7627,,2,0.65,
-61.745,-42.8965,,689,,861,874,-52.7627,,2,0.65,
-81.8601,-45.4168,,690,,862,876,-52.7627,,2,0.65,
-81.8601,-47.8473,,691,,863,877,-52.7627,,2,0.65,
-81.8601,-47.8473,,692,,864,878,-52.7627,,2,0.65,
-81.8601,-47.8473,,693,,866,879,-52.7627,,1,0.65,
-81.8601,-72.717,,694,,867,881,-52.7627,,2,0.65,
-81.8601,-72.717,,695,,868,882,-52.7627,,2,0.65,
-81.8601,-72.717,,696,,869,883,-52.7627,,1,0.65,
-81.8601,-72.717,,697,,871,884,-52.7627,,2,0.65,
-81.8601,-72.717,,698,,872,886,-52.7627,,2,0.65,
-81.8601,-72.717,,699,,873,887,-52.7627,,2,0.65,
-81.8601,-72.717,,700,,874,888,-52.7627,,2,0.65,
-81.8601,-47.8473,,701,,876,889,-52.7627,,2,0.65,
-81.8601,-47.8473,,702,,877,891,-52.7627,,2,0.65,
-81.8601,-47.8473,,703,,878,892,-52.7627,,2,0.65,
-81.8601,-47.8473,,704,,879,893,-52.7627,,2,0.65,
-81.8601,-47.8473,,705,,881,894,-52.7627,,2,0.65,
-81.8601,-47.8473,,706,,882,896,-52.7627,,2,0.65,
-81.8601,-47.8473,,707,,883,897,-52.7627,,2,0.65,
-81.8601,-47.8473,,708,,884,898,-52.7627,,2,0.65,
-81.8601,-50.1193,,709,,886,899,-41.6299,,2,0.8,
-81.8601,-50.1193,,710,,887,901,-41.6299,,2,0.8,
-81.8601,-50.1193,,711,,888,902,-41.6299,,2,0.8,
-81.8601,-50.1193,,712,,889,903,-41.6299,,2,0.8,
-81.8601,-50.1193,,713,,891,904,-41.6299,,2,0.8,
-81.8601,-47.8473,,714,,892,906,-41.6299,,2,0.8,
-81.8601,-45.4168,,715,,893,907,-41.6299,,2,0.8,
-81.8601,-45.4168,,716,,894,908,-41.6299,,2,0.8,
-81.8601,-50.6564,,717,,896,909,-41.6299,,2,0.8,
-81.8601,-50.6564,,718,,897,911,-41.6299,,2,0.8,
-81.8601,-53.1301,,719,,898,912,-41.6299,,2,0.8,
-81.8601,-50.6564,,720,,899,913,-41.6299,,1,0.8,
-81.8601,-42.8965,,721,,901,914,-41.6299,,2,0.8,
-81.8601,-42.8965,,722,,902,916,-41.6299,,2,0.8,
-81.8601,-42.8965,,723,,903,917,-41.6299,,2,0.8,
-81.8601,-42.8965,,724,,904,918,-41.6299,,1,0.8,
-81.8601,-71.6095,,725,,906,919,-41.6299,,2,0.8,
-81.8601,-71.6095,,726,,907,921,-41.6299,,2,0.8,
-81.8601,-42.8965,,727,,908,922,-41.6299,,2,0.8,
-81.8601,-42.8965,,728,,909,923,-41.6299,,2,0.8,
-81.8601,-42.8965,,729,,911,924,-41.6299,,2,0.8,
-81.8601,-42.8965,,730,,912,926,-41.6299,,2,0.8,
-81.8601,-42.8965,,731,,913,927,-41.6299,,2,0.8,
-81.8601,-42.8965,,732,,914,928,-41.6299,,2,0.8,
-81.8601,-41.0087,,733,,916,929,-41.6299,,2,0.8,
-81.8601,-41.0087,,734,,917,931,-41.6299,,2,0.8,
-81.8601,-42.8965,,735,,918,932,-41.6299,,2,0.8,
-81.8601,-42.8965,,736,,919,933,-41.6299,,2,0.8,
-81.8601,-42.8965,,737,,921,934,-41.6299,,2,0.8,
-81.8601,-42.8965,,738,,922,936,-41.6299,,2,0.8,
-81.8601,-42.8965,,739,,923,937,-41.6299,,2,0.8,
-81.8601,-42.8965,,740,,924,938,-41.6299,,1,0.8,
-81.8601,-32.4902,,741,,926,939,-41.6299,,2,0.8,
-81.8601,-32.4902,,742,,927,941,-41.6299,,2,0.8,
-81.8601,-61.745,,743,,928,942,-41.6299,,2,0.8,
-81.8601,-32.4902,,744,,929,943,-41.6299,,2,0.8,
-81.8601,-32.4902,,745,,931,944,-41.6299,,2,0.8,
-81.8601,-32.4902,,746,,932,946,-41.6299,,2,0.8,
-81.8601,-42.8965,,747,,933,947,-41.6299,,2,0.8,
-81.8601,-42.1163,,748,,934,948,-41.6299,,2,0.8,
-81.8601,-42.1163,,749,,936,949,-41.6299,,2,0.8,
-81.8601,-42.1163,,750,,937,951,-41.6299,,1,0.8,
-81.8601,-42.8965,,751,,938,952,-41.6299,,2,0.8,
-81.8601,-42.8965,,752,,939,953,-41.6299,,2,0.8,
-81.8601,-42.8965,,753,,941,954,-41.6299,,2,0.8,
-81.8601,-42.8965,,754,,942,956,-41.6299,,2,0.8,
-81.8601,-42.8965,,755,,943,957,-41.6299,,2,0.8,
-81.8601,-42.8965,,756,,944,958,-41.6299,,2,0.8,
-81.8601,-42.8965,,757,,946,959,-41.6299,,2,0.8,
-81.8601,-45.4168,,758,,947,961,-41.6299,,1,0.8,
-81.8601,-45.4168,,759,,948,962,-41.6299,,2,0.8,
-81.8601,-47.8473,,760,,949,963,-41.6299,,2,0.8,
-81.8601,-44.6753,,761,,951,964,-41.6299,,2,0.8,
-81.8601,-52.2813,,762,,952,966,-41.6299,,2,0.8,
-81.8601,-52.2813,,763,,953,967,-41.6299,,2,0.8,
-81.8601,-52.2813,,764,,954,968,-41.6299,,2,0.8,
-81.8601,-53.8496,,765,,956,969,-41.6299,,2,0.8,
-81.8601,-53.8496,,766,,957,971,-41.6299,,2,0.8,
-81.8601,-57.8087,,767,,958,972,-41.6299,,2,0.8,
-81.8601,-57.8087,,768,,959,973,-41.6299,,2,0.8,
-81.8601,-57.8087,,769,,961,974,-41.6299,,2,0.8,
-81.8601,-57.8087,,770,,962,976,-41.6299,,1,0.8,
-81.8601,-57.8087,,771,,963,977,-41.6299,,2,0.8,
-81.8601,-55.7201,,772,,964,978,-41.6299,,2,0.8,
-81.8601,-55.7201,,773,,966,979,-41.6299,,2,0.8,
-81.8601,-56.7717,,774,,967,981,-41.6299,,2,0.8,
-81.8601,-57.9521,,775,,968,982,-41.6299,,2,0.8,
-81.8601,-57.9521,,776,,969,983,-41.6299,,2,0.8,
-81.8601,-57.664,,777,,971,984,-41.6299,,2,0.8,
-81.8601,-57.664,,778,,972,986,-41.6299,,2,0.8,
-81.8601,-57.664,,779,,973,987,-41.6299,,2,0.8,
-81.8601,-59.8869,,780,,974,988,-41.6299,,2,0.8,
-81.8601,-61.2382,,781,,976,989,-41.6299,,2,0.8,
-81.8601,-60.5406,,782,,977,991,-41.6299,,1,0.8,
-81.8601,-60.5406,,783,,978,992,-41.6299,,2,0.8,
-81.8601,-60.5406,,784,,979,993,-41.6299,,1,0.8,
-81.8601,-60.0118,,785,,981,994,-41.6299,,1,0.8,
-81.8601,-59.0714,,786,,982,996,-41.6299,,2,0.8,
-81.8601,-59.0714,,787,,983,997,-41.6299,,2,0.8,
-81.8601,-59.4212,,788,,984,998,-41.6299,,2,0.8,
-81.8601,-59.8869,,789,,986,999,-41.6299,,2,0.8,
-81.8601,-59.8869,,790,,987,1001,-41.6299,,1,0.8,
-81.8601,-58.694,,791,,988,1002,-41.6299,,2,0.8,
-81.8601,-60.4635,,792,,989,1003,-41.6299,,2,0.8,
-81.8601,-62.5656,,793,,991,1004,-41.6299,,2,0.8,
-81.8601,-63.6996,,794,,992,1006,-70.7273,,1,0.35,
-81.8601,-61.745,,795,,993,1007,-70.7273,,1,0.35,
-81.8601,-61.745,,796,,994,1008,-70.7273,,2,0.35,
-81.8601,-60.9243,,797,,996,1009,-70.7273,,2,0.35,
-81.8601,-61.745,,798,,997,1011,-70.7273,,2,0.35,
-81.8601,-65.9013,,799,,998,1012,-70.7273,,2,0.35,
-52.7627,-63.6996,,800,,999,1013,-70.7273,,1,0.35,
-52.7627,-63.6996,,801,,1001,1014,-70.7273,,2,0.35,
-52.7627,-64.7959,,802,,1002,1016,-70.7273,,2,0.35,
-52.7627,-64.7959,,803,,1003,1017,-70.7273,,1,0.35,
-52.7627,-64.2965,,804,,1004,1018,-70.7273,,1,0.35,
-52.7627,-60.3176,,805,,1006,1019,-70.7273,,2,0.35,
-52.7627,-60.1777,,806,,1007,1021,-70.7273,,1,0.35,
-52.7627,-61.745,,807,,1008,1022,-70.7273,,1,0.35,
-52.7627,-60.8647,,808,,1009,1023,-70.7273,,2,0.35,
-52.7627,-61.745,,809,,1011,1024,-70.7273,,2,0.35,
-52.7627,-61.745,,810,,1012,1026,-70.7273,,2,0.35,
-52.7627,-62.7416,,811,,1013,1027,-70.7273,,1,0.35,
-52.7627,-61.745,,812,,1014,1028,-70.7273,,1,0.35,
-52.7627,-61.745,,813,,1016,1029,-70.7273,,2,0.35,
-52.7627,-61.745,,814,,1017,1031,-70.7273,,1,0.35,
-52.7627,-61.745,,815,,1018,1032,-70.7273,,1,0.35,
-52.7627,-60.8647,,816,,1019,1033,-70.7273,,1,0.35,
-52.7627,-57.9681,,817,,1021,1034,-70.7273,,1,0.35,
-52.7627,-57.5532,,818,,1022,1036,-70.7273,,2,0.35,
-52.7627,-57.5532,,819,,1023,1037,-70.7273,,1,0.35,
-52.7627,-59.7499,,820,,1024,1038,-70.7273,,2,0.35,
-52.7627,-59.985,,821,,1026,1039,-70.7273,,2,0.35,
-52.7627,-59.985,,822,,1027,1041,-70.7273,,1,0.35,
-52.7627,-57.9681,,823,,1028,1042,-70.7273,,2,0.35,
-52.7627,-58.8484,,824,,1029,1043,-70.7273,,1,0.35,
-52.7627,-58.8484,,825,,1031,1044,-70.7273,,1,0.35,
-52.7627,-57.5785,,826,,1032,1046,-70.7273,,2,0.35,
-52.7627,-58.8484,,827,,1033,1047,-70.7273,,1,0.35,
-52.7627,-58.8484,,828,,1034,1048,-70.7273,,2,0.35,
-52.7627,-60.3176,,829,,1036,1049,-70.7273,,2,0.35,
-52.7627,-61.1527,,830,,1037,1051,-70.7273,,1,0.35,
-52.7627,-56.0742,,831,,1038,1052,-70.7273,,2,0.35,
-52.7627,-59.8866,,832,,1039,1053,-70.7273,,1,0.35,
-52.7627,-58.0981,,833,,1041,1054,-70.7273,,2,0.35,
-52.7627,-56.0742,,834,,1042,1056,-70.7273,,1,0.35,
-52.7627,-53.7505,,835,,1043,1057,-70.7273,,2,0.35,
-52.7627,-53.7505,,836,,1044,1058,-70.7273,,1,0.35,
-52.7627,-53.7505,,837,,1046,1059,-70.7273,,2,0.35,
-52.7627,-56.0742,,838,,1047,1061,-70.7273,,1,0.35,
-52.7627,-56.0742,,839,,1048,1062,-70.7273,,2,0.35,
-52.7627,-57.8543,,840,,1049,1063,-70.7273,,2,0.35,
-52.7627,-57.8543,,841,,1051,1064,-70.7273,,2,0.35,
-52.7627,-57.8543,,842,,1052,1066,-70.7273,,2,0.35,
-52.7627,-57.8543,,843,,1053,1067,-70.7273,,1,0.35,
-52.7627,-36.8541,,844,,1054,1068,-70.7273,,1,0.35,
-52.7627,-36.8541,,845,,1056,1069,-70.7273,,2,0.35,
-52.7627,-36.8541,,846,,1057,1071,-70.7273,,1,0.35,
-52.7627,-36.8541,,847,,1058,1072,-70.7273,,1,0.35,
-52.7627,-56.0742,,848,,1059,1073,-70.7273,,1,0.35,
-52.7627,-54.3762,,849,,1061,1074,-70.7273,,2,0.35,
-52.7627,-61.1527,,850,,1062,1076,-70.7273,,1,0.35,
-52.7627,-63.0265,,851,,1063,1077,-70.7273,,1,0.35,
-52.7627,-61.745,,852,,1064,1078,-70.7273,,1,0.35,
-52.7627,-61.745,,853,,1066,1079,-70.7273,,2,0.35,
-52.7627,-61.745,,854,,1067,1081,-70.7273,,1,0.35,
-52.7627,-62.5656,,855,,1068,1082,-70.7273,,1,0.35,
-52.7627,-61.4163,,856,,1069,1083,-70.7273,,2,0.35,
-52.7627,-62.5656,,857,,1071,1084,-70.7273,,2,0.35,
-52.7627,-64.5601,,858,,1072,1086,-70.7273,,2,0.35,
-52.7627,-69.7395,,859,,1073,1087,-70.7273,,2,0.35,
-52.7627,-69.7395,,860,,1074,1088,-70.7273,,1,0.35,
-52.7627,-68.045,,861,,1076,1089,-70.7273,,1,0.35,
-52.7627,-68.045,,862,,1077,1091,-70.7273,,1,0.35,
-52.7627,-67.8871,,863,,1078,1092,-70.7273,,1,0.35,
-52.7627,-67.189,,864,,1079,1093,-70.7273,,2,0.35,
-52.7627,-63.0355,,865,,1081,1094,-70.7273,,2,0.35,
-52.7627,-67.189,,866,,1082,1096,-70.7273,,2,0.35,
-52.7627,-67.189,,867,,1083,1097,-70.7273,,2,0.35,
-52.7627,-67.189,,868,,1084,1098,-70.7273,,1,0.35,
-52.7627,-65.2158,,869,,1086,1099,-41.6299,,2,0.8,
-52.7627,-65.2158,,870,,1087,1101,-41.6299,,1,0.8,
-52.7627,-63.0505,,871,,1088,1102,-41.6299,,1,0.8,
-52.7627,-61.745,,872,,1089,1103,-41.6299,,2,0.8,
-52.7627,-61.745,,873,,1091,1104,-41.6299,,1,0.8,
-52.7627,-59.9067,,874,,1092,1106,-41.6299,,1,0.8,
-52.7627,-57.2523,,875,,1093,1107,-41.6299,,2,0.8,
-52.7627,-57.2523,,876,,1094,1108,-41.6299,,1,0.8,
-52.7627,-54.8224,,877,,1096,1109,-41.6299,,2,0.8,
-52.7627,-54.8224,,878,,1097,1111,-41.6299,,1,0.8,
-52.7627,-50.6564,,879,,1098,1112,-41.6299,,2,0.8,
-52.7627,-49.8296,,880,,1099,1113,-41.6299,,1,0.8,
-52.7627,-50.6564,,881,,1101,1114,-41.6299,,2,0.8,
-52.7627,-53.1301,,882,,1102,1116,-41.6299,,2,0.8,
-52.7627,-53.1301,,883,,1103,1117,-41.6299,,2,0.8,
-52.7627,-53.1301,,884,,1104,1118,-41.6299,,2,0.8,
-41.6299,-53.1301,,885,,1106,1119,-41.6299,,1,0.8,
-41.6299,-79.9112,,886,,1107,1121,-41.6299,,1,0.8,
-41.6299,-72.1513,,887,,1108,1122,-41.6299,,1,0.8,
-41.6299,-61.745,,888,,1109,1123,-41.6299,,2,0.8,
-41.6299,-61.745,,889,,1111,1124,-41.6299,,2,0.8,
-41.6299,-61.745,,890,,1112,1126,-41.6299,,2,0.8,
-41.6299,-61.745,,891,,1113,1127,-41.6299,,2,0.8,
-41.6299,-61.745,,892,,1114,1128,-41.6299,,2,0.8,
-41.6299,-61.745,,893,,1116,1129,-41.6299,,2,0.8,
-41.6299,-61.745,,894,,1117,1131,-41.6299,,2,0.8,
-41.6299,-61.745,,895,,1118,1132,-41.6299,,2,0.8,
-41.6299,-61.745,,896,,1119,1133,-41.6299,,2,0.8,
-41.6299,-61.745,,897,,1121,1134,-41.6299,,2,0.8,
-41.6299,-61.745,,898,,1122,1136,-41.6299,,2,0.8,
-41.6299,-61.745,,899,,1123,1137,-41.6299,,2,0.8,
-41.6299,-61.745,,900,,1124,1138,-41.6299,,2,0.8,
-41.6299,-61.745,,901,,1126,1139,-41.6299,,2,0.8,
-41.6299,-61.745,,902,,1127,1141,-41.6299,,2,0.8,
-41.6299,-61.745,,903,,1128,1142,-41.6299,,2,0.8,
-41.6299,-32.4902,,904,,1129,1143,-41.6299,,2,0.8,
-41.6299,-32.4902,,905,,1131,1144,-41.6299,,2,0.8,
-41.6299,-31.1442,,906,,1132,1146,-41.6299,,2,0.8,
-41.6299,-32.4902,,907,,1133,1147,-41.6299,,2,0.8,
-41.6299,-32.4902,,908,,1134,1148,-41.6299,,2,0.8,
-41.6299,-32.4902,,909,,1136,1149,-41.6299,,2,0.8,
-41.6299,-34.4448,,910,,1137,1151,-41.6299,,2,0.8,
-41.6299,-34.4448,,911,,1138,1152,-41.6299,,2,0.8,
-41.6299,-34.4448,,912,,1139,1153,-41.6299,,2,0.8,
-41.6299,-36.2831,,913,,1141,1154,-41.6299,,2,0.8,
-41.6299,-34.4448,,914,,1142,1156,-41.6299,,2,0.8,
-41.6299,-36.2831,,915,,1143,1157,-41.6299,,2,0.8,
-41.6299,-32.4902,,916,,1144,1158,-41.6299,,2,0.8,
-41.6299,-31.3793,,917,,1146,1159,-41.6299,,2,0.8,
-41.6299,-31.3793,,918,,1147,1161,-41.6299,,2,0.8,
-41.6299,-31.1442,,919,,1148,1162,-41.6299,,2,0.8,
-41.6299,-31.2858,,920,,1149,1163,-41.6299,,2,0.8,
-41.6299,-31.6099,,921,,1151,1164,-41.6299,,2,0.8,
-41.6299,-46.6348,,922,,1152,1166,-41.6299,,2,0.8,
-41.6299,-47.873,,923,,1153,1167,-41.6299,,2,0.8,
-41.6299,-48.1898,,924,,1154,1168,-41.6299,,2,0.8,
-41.6299,-48.1898,,925,,1156,1169,-41.6299,,2,0.8,
-41.6299,-48.8791,,926,,1157,1171,-41.6299,,2,0.8,
-41.6299,-49.8296,,927,,1158,1172,-41.6299,,1,0.8,
-41.6299,-49.8296,,928,,1159,1173,-41.6299,,2,0.8,
-41.6299,-50.9861,,929,,1161,1174,-41.6299,,2,0.8,
-41.6299,-50.9861,,930,,1162,1176,-41.6299,,2,0.8,
-41.6299,-51.401,,931,,1163,1177,-41.6299,,2,0.8,
-41.6299,-52.881,,932,,1164,1178,-41.6299,,2,0.8,
-41.6299,-59.181,,933,,1166,1179,-41.6299,,2,0.8,
-41.6299,-59.181,,934,,1167,1181,-41.6299,,2,0.8,
-41.6299,-60.4545,,935,,1168,1182,-41.6299,,2,0.8,
-41.6299,-61.745,,936,,1169,1183,-41.6299,,2,0.8,
-41.6299,,,937,,1171,,,,2,0.8,
-41.6299,,,938,,1172,,,,2,0.8,
-41.6299,,,939,,1173,,,,1,0.8,
-41.6299,,,940,,1174,,,,1,0.8,
-41.6299,,,941,,1176,,,,2,0.8,
-41.6299,,,942,,1177,,,,1,0.2,
-41.6299,,,943,,1178,,,,2,0.2,
-41.6299,,,944,,1179,,,,2,0.2,
-41.6299,,,945,,1181,,,,1,0.2,
-41.6299,,,946,,1182,,,,2,0.2,
-41.6299,,,947,,1183,,,,1,0.2,
-41.6299,,,948,,1184,,,,2,0.2,
-41.6299,,,949,,1186,,,,1,0.2,
-41.6299,,,950,,1187,,,,1,0.2,
-41.6299,,,951,,1188,,,,1,0.2,
-41.6299,,,952,,1189,,,,1,0.2,
-41.6299,,,953,,1191,,,,2,0.2,
-41.6299,,,954,,1192,,,,1,0.2,
-41.6299,,,955,,1193,,,,1,0.2,
-41.6299,,,956,,1194,,,,1,0.2,
-41.6299,,,957,,1196,,,,2,0.2,
-41.6299,,,958,,1197,,,,1,0.2,
-41.6299,,,959,,1198,,,,1,0.2,
-41.6299,,,960,,1199,,,,2,0.2,
-41.6299,,,961,,,,,,,,
-41.6299,,,962,,,,,,,,
-41.6299,,,963,,,,,,,,
-41.6299,,,964,,,,,,,,
-41.6299,,,965,,,,,,,,
-41.6299,,,966,,,,,,,,
-41.6299,,,967,,,,,,,,
-41.6299,,,968,,,,,,,,
-41.6299,,,969,,,,,,,,
-41.6299,,,970,,,,,,,,
-41.6299,,,971,,,,,,,,
-41.6299,,,972,,,,,,,,
-41.6299,,,973,,,,,,,,
-41.6299,,,974,,,,,,,,
-41.6299,,,975,,,,,,,,
-41.6299,,,976,,,,,,,,
-41.6299,,,977,,,,,,,,
-41.6299,,,978,,,,,,,,
-41.6299,,,979,,,,,,,,
-41.6299,,,980,,,,,,,,
-41.6299,,,981,,,,,,,,
-41.6299,,,982,,,,,,,,
-41.6299,,,983,,,,,,,,
-41.6299,,,984,,,,,,,,
-41.6299,,,985,,,,,,,,
-41.6299,,,986,,,,,,,,
-41.6299,,,987,,,,,,,,
-41.6299,,,988,,,,,,,,
-41.6299,,,989,,,,,,,,
-41.6299,,,990,,,,,,,,
-41.6299,,,991,,,,,,,,
-70.7273,,,992,,,,,,,,
-70.7273,,,993,,,,,,,,
-70.7273,,,994,,,,,,,,
-70.7273,,,995,,,,,,,,
-70.7273,,,996,,,,,,,,
-70.7273,,,997,,,,,,,,
-70.7273,,,998,,,,,,,,
-70.7273,,,999,,,,,,,,
-70.7273,,,1000,,,,,,,,
-70.7273,,,1001,,,,,,,,
-70.7273,,,1002,,,,,,,,
-70.7273,,,1003,,,,,,,,
-70.7273,,,1004,,,,,,,,
-70.7273,,,1005,,,,,,,,
-70.7273,,,1006,,,,,,,,
-70.7273,,,1007,,,,,,,,
-70.7273,,,1008,,,,,,,,
-70.7273,,,1009,,,,,,,,
-70.7273,,,1010,,,,,,,,
-70.7273,,,1011,,,,,,,,
-70.7273,,,1012,,,,,,,,
-70.7273,,,1013,,,,,,,,
-70.7273,,,1014,,,,,,,,
-70.7273,,,1015,,,,,,,,
-70.7273,,,1016,,,,,,,,
-70.7273,,,1017,,,,,,,,
-70.7273,,,1018,,,,,,,,
-70.7273,,,1019,,,,,,,,
-70.7273,,,1020,,,,,,,,
-70.7273,,,1021,,,,,,,,
-70.7273,,,1022,,,,,,,,
-70.7273,,,1023,,,,,,,,
-70.7273,,,1024,,,,,,,,
-70.7273,,,1025,,,,,,,,
-70.7273,,,1026,,,,,,,,
-70.7273,,,1027,,,,,,,,
-70.7273,,,1028,,,,,,,,
-70.7273,,,1029,,,,,,,,
-70.7273,,,1030,,,,,,,,
-70.7273,,,1031,,,,,,,,
-70.7273,,,1032,,,,,,,,
-70.7273,,,1033,,,,,,,,
-70.7273,,,1034,,,,,,,,
-70.7273,,,1035,,,,,,,,
-70.7273,,,1036,,,,,,,,
-70.7273,,,1037,,,,,,,,
-70.7273,,,1038,,,,,,,,
-70.7273,,,1039,,,,,,,,
-70.7273,,,1040,,,,,,,,
-70.7273,,,1041,,,,,,,,
-70.7273,,,1042,,,,,,,,
-70.7273,,,1043,,,,,,,,
-70.7273,,,1044,,,,,,,,
-70.7273,,,1045,,,,,,,,
-70.7273,,,1046,,,,,,,,
-70.7273,,,1047,,,,,,,,
-70.7273,,,1048,,,,,,,,
-70.7273,,,1049,,,,,,,,
-70.7273,,,1050,,,,,,,,
-70.7273,,,1051,,,,,,,,
-70.7273,,,1052,,,,,,,,
-70.7273,,,1053,,,,,,,,
-70.7273,,,1054,,,,,,,,
-70.7273,,,1055,,,,,,,,
-70.7273,,,1056,,,,,,,,
-70.7273,,,1057,,,,,,,,
-70.7273,,,1058,,,,,,,,
-70.7273,,,1059,,,,,,,,
-70.7273,,,1060,,,,,,,,
-70.7273,,,1061,,,,,,,,
-70.7273,,,1062,,,,,,,,
-70.7273,,,1063,,,,,,,,
-70.7273,,,1064,,,,,,,,
-70.7273,,,1065,,,,,,,,
-70.7273,,,1066,,,,,,,,
-70.7273,,,1067,,,,,,,,
-70.7273,,,1068,,,,,,,,
-70.7273,,,1069,,,,,,,,
-70.7273,,,1070,,,,,,,,
-70.7273,,,1071,,,,,,,,
-70.7273,,,1072,,,,,,,,
-70.7273,,,1073,,,,,,,,
-70.7273,,,1074,,,,,,,,
-70.7273,,,1075,,,,,,,,
-70.7273,,,1076,,,,,,,,
-70.7273,,,1077,,,,,,,,
-70.7273,,,1078,,,,,,,,
-70.7273,,,1079,,,,,,,,
-70.7273,,,1080,,,,,,,,
-70.7273,,,1081,,,,,,,,
-70.7273,,,1082,,,,,,,,
-70.7273,,,1083,,,,,,,,
-70.7273,,,1084,,,,,,,,
-41.6299,,,1085,,,,,,,,
-41.6299,,,1086,,,,,,,,
-41.6299,,,1087,,,,,,,,
-41.6299,,,1088,,,,,,,,
-41.6299,,,1089,,,,,,,,
-41.6299,,,1090,,,,,,,,
-41.6299,,,1091,,,,,,,,
-41.6299,,,1092,,,,,,,,
-41.6299,,,1093,,,,,,,,
-41.6299,,,1094,,,,,,,,
-41.6299,,,1095,,,,,,,,
-41.6299,,,1096,,,,,,,,
-41.6299,,,1097,,,,,,,,
-41.6299,,,1098,,,,,,,,
-41.6299,,,1099,,,,,,,,
-41.6299,,,1100,,,,,,,,
-41.6299,,,1101,,,,,,,,
-41.6299,,,1102,,,,,,,,
-41.6299,,,1103,,,,,,,,
-41.6299,,,1104,,,,,,,,
-41.6299,,,1105,,,,,,,,
-41.6299,,,1106,,,,,,,,
-41.6299,,,1107,,,,,,,,
-41.6299,,,1108,,,,,,,,
-41.6299,,,1109,,,,,,,,
-41.6299,,,1110,,,,,,,,
-41.6299,,,1111,,,,,,,,
-41.6299,,,1112,,,,,,,,
-41.6299,,,1113,,,,,,,,
-41.6299,,,1114,,,,,,,,
-41.6299,,,1115,,,,,,,,
-41.6299,,,1116,,,,,,,,
-41.6299,,,1117,,,,,,,,
-41.6299,,,1118,,,,,,,,
-41.6299,,,1119,,,,,,,,
-41.6299,,,1120,,,,,,,,
-41.6299,,,1121,,,,,,,,
-41.6299,,,1122,,,,,,,,
-41.6299,,,1123,,,,,,,,
-41.6299,,,1124,,,,,,,,
-41.6299,,,1125,,,,,,,,
-41.6299,,,1126,,,,,,,,
-41.6299,,,1127,,,,,,,,
-41.6299,,,1128,,,,,,,,
-41.6299,,,1129,,,,,,,,
-41.6299,,,1130,,,,,,,,
-41.6299,,,1131,,,,,,,,
-41.6299,,,1132,,,,,,,,
-41.6299,,,1133,,,,,,,,
-41.6299,,,1134,,,,,,,,
-41.6299,,,1135,,,,,,,,
-41.6299,,,1136,,,,,,,,
-41.6299,,,1137,,,,,,,,
-41.6299,,,1138,,,,,,,,
-41.6299,,,1139,,,,,,,,
-41.6299,,,1140,,,,,,,,
-41.6299,,,1141,,,,,,,,
-41.6299,,,1142,,,,,,,,
-41.6299,,,1143,,,,,,,,
-41.6299,,,1144,,,,,,,,
-41.6299,,,1145,,,,,,,,
-41.6299,,,1146,,,,,,,,
-41.6299,,,1147,,,,,,,,
-41.6299,,,1148,,,,,,,,
-41.6299,,,1149,,,,,,,,
-41.6299,,,1150,,,,,,,,
-41.6299,,,1151,,,,,,,,
-41.6299,,,1152,,,,,,,,
-41.6299,,,1153,,,,,,,,
-41.6299,,,1154,,,,,,,,
-41.6299,,,1155,,,,,,,,
-41.6299,,,1156,,,,,,,,
-41.6299,,,1157,,,,,,,,
-41.6299,,,1158,,,,,,,,
-41.6299,,,1159,,,,,,,,
-41.6299,,,1160,,,,,,,,
-41.6299,,,1161,,,,,,,,
-41.6299,,,1162,,,,,,,,
-41.6299,,,1163,,,,,,,,
-41.6299,,,1164,,,,,,,,
-41.6299,,,1165,,,,,,,,
-41.6299,,,1166,,,,,,,,
-41.6299,,,1167,,,,,,,,
-41.6299,,,1168,,,,,,,,
-41.6299,,,1169,,,,,,,,
-41.6299,,,1170,,,,,,,,
-41.6299,,,1171,,,,,,,,
-41.6299,,,1172,,,,,,,,
-41.6299,,,1173,,,,,,,,
-41.6299,,,1174,,,,,,,,
-41.6299,,,1175,,,,,,,,
-41.6299,,,1176,,,,,,,,
-81.8601,,,1177,,,,,,,,
-81.8601,,,1178,,,,,,,,
-81.8601,,,1179,,,,,,,,
-81.8601,,,1180,,,,,,,,
-81.8601,,,1181,,,,,,,,
-81.8601,,,1182,,,,,,,,
-81.8601,,,1183,,,,,,,,
-81.8601,,,1184,,,,,,,,
-81.8601,,,1185,,,,,,,,
-81.8601,,,1186,,,,,,,,
-81.8601,,,1187,,,,,,,,
-81.8601,,,1188,,,,,,,,
-81.8601,,,1189,,,,,,,,
-81.8601,,,1190,,,,,,,,
-81.8601,,,1191,,,,,,,,
-81.8601,,,1192,,,,,,,,
-81.8601,,,1193,,,,,,,,
-81.8601,,,1194,,,,,,,,
-81.8601,,,1195,,,,,,,,
-81.8601,,,1196,,,,,,,,
-81.8601,,,1197,,,,,,,,
-81.8601,,,1198,,,,,,,,
-81.8601,,,1199,,,,,,,,
-81.8601,,,1200,,,,,,,,

