"omCrit","estCrit","obsCrit","trial","OvTrial","wind","CovOmCrit","OvOmCrit",
15.7478,19.6259,27,1,5,14,15.7478,15.7478,
15.7478,19.6259,10.5,2,10,16,15.7478,15.7478,
15.7478,16.2273,13.5,3,15,17,15.7478,15.7478,
15.7478,11.7819,8.5,4,20,18,15.7478,15.7478,
15.7478,16.4395,-0.5,5,25,19,15.7478,15.7478,
15.7478,16.4395,6,6,30,21,15.7478,15.7478,
15.7478,16.4395,29,7,35,22,15.7478,15.7478,
15.7478,16.4395,32.5,8,40,23,15.7478,15.7478,
15.7478,24.201,30.5,9,45,24,15.7478,15.7478,
15.7478,17.9865,19,10,50,26,15.7478,15.7478,
15.7478,17.9865,13.5,11,55,27,15.7478,15.7478,
15.7478,19.7906,32.5,12,60,28,15.7478,15.7478,
15.7478,24.6937,6,13,65,29,15.7478,15.7478,
15.7478,24.6937,29.5,14,70,31,15.7478,15.7478,
15.7478,24.6937,23,15,75,32,15.7478,15.7478,
15.7478,24.6937,18,16,80,33,15.7478,15.7478,
15.7478,27.2063,20,17,85,34,15.7478,15.7478,
15.7478,27.2063,17,18,90,36,15.7478,15.7478,
15.7478,27.2063,20,19,95,37,15.7478,15.7478,
15.7478,27.2063,14.5,20,100,38,15.7478,15.7478,
15.7478,29.9242,25.5,21,105,39,15.7478,15.7478,
15.7478,33.0317,14.5,22,110,41,15.7478,15.7478,
15.7478,33.0317,27,23,115,42,15.7478,15.7478,
15.7478,33.0317,45,24,120,43,15.7478,15.7478,
15.7478,29.9242,41,25,125,44,15.7478,49.5727,
15.7478,29.9242,39.5,26,130,46,15.7478,49.5727,
15.7478,29.9242,39.5,27,135,47,15.7478,49.5727,
15.7478,27.2063,38.5,28,140,48,15.7478,49.5727,
15.7478,24.6937,43.5,29,145,49,15.7478,49.5727,
15.7478,24.6937,39.5,30,150,51,15.7478,49.5727,
15.7478,27.2063,47,31,155,52,15.7478,49.5727,
15.7478,27.2063,40,32,160,53,15.7478,49.5727,
15.7478,22.4099,50.5,33,165,54,15.7478,49.5727,
15.7478,22.4099,49.5,34,170,56,15.7478,49.5727,
15.7478,27.2063,49.5,35,175,57,15.7478,49.5727,
15.7478,28.0524,24.5,36,180,58,15.7478,49.5727,
15.7478,24.672,33.5,37,185,59,15.7478,49.5727,
15.7478,24.6937,36.5,38,190,61,15.7478,49.5727,
15.7478,24.672,42,39,195,62,15.7478,49.5727,
15.7478,27.9139,41,40,200,63,15.7478,49.5727,
15.7478,27.9139,37.5,41,205,64,15.7478,49.5727,
15.7478,27.9139,42,42,210,66,15.7478,49.5727,
15.7478,27.9139,47.5,43,215,67,15.7478,49.5727,
15.7478,24.672,63.5,44,220,68,15.7478,49.5727,
15.7478,24.6937,48.5,45,225,69,15.7478,49.5727,
15.7478,24.6937,37,46,230,71,15.7478,49.5727,
15.7478,24.6937,39.5,47,235,72,15.7478,-5.214,
15.7478,24.6937,31.5,48,240,73,15.7478,-5.214,
15.7478,24.6937,18,49,245,74,15.7478,-5.214,
15.7478,24.6937,38,50,250,76,15.7478,-5.214,
15.7478,28.0524,17,51,255,77,15.7478,-5.214,
15.7478,28.0524,24.5,52,260,78,15.7478,-5.214,
15.7478,30.3962,35,53,265,79,15.7478,-5.214,
15.7478,31.9945,21,54,270,81,15.7478,-5.214,
15.7478,36.8466,6,55,275,82,15.7478,-5.214,
15.7478,36.8466,19.5,56,280,83,15.7478,-5.214,
15.7478,36.8466,52.5,57,285,84,15.7478,-5.214,
15.7478,32.6603,22.5,58,290,86,15.7478,-5.214,
15.7478,30.8192,46.5,59,295,87,15.7478,-5.214,
15.7478,32.6603,36.5,60,300,88,15.7478,-5.214,
15.7478,30.8192,44,61,305,89,15.7478,-5.214,
15.7478,30.8192,25,62,310,91,15.7478,-5.214,
15.7478,27.6671,15,63,315,92,15.7478,-5.214,
15.7478,28.261,40.5,64,320,93,15.7478,-5.214,
15.7478,25.0202,28,65,325,94,15.7478,-5.214,
15.7478,28.261,45.5,66,330,96,15.7478,-5.214,
15.7478,28.261,24,67,335,97,15.7478,-5.214,
15.7478,26.4457,24,68,340,98,15.7478,-5.214,
15.7478,28.0524,44,69,345,99,15.7478,-5.214,
15.7478,24.672,26,70,350,101,15.7478,32.6603,
15.7478,25.9915,18,71,355,102,15.7478,32.6603,
15.7478,27.8326,15,72,360,103,15.7478,32.6603,
15.7478,29.8939,22,73,365,104,15.7478,32.6603,
15.7478,32.0414,9,74,370,106,15.7478,32.6603,
15.7478,32.0414,9,75,375,107,15.7478,32.6603,
15.7478,34.2054,42.5,76,380,108,15.7478,32.6603,
15.7478,32.6603,27,77,385,109,15.7478,32.6603,
15.7478,26.0901,9.5,78,390,111,15.7478,32.6603,
15.7478,28.7926,18.5,79,395,112,15.7478,32.6603,
15.7478,27.3597,32,80,400,113,15.7478,32.6603,
15.7478,33.2791,32.5,81,405,114,15.7478,32.6603,
15.7478,35.4266,18.5,82,410,116,15.7478,32.6603,
15.7478,35.4266,31.5,83,415,117,15.7478,32.6603,
15.7478,39.8018,40,84,420,118,15.7478,32.6603,
15.7478,37.1967,31,85,425,119,15.7478,32.6603,
15.7478,40.0717,34.5,86,430,121,15.7478,32.6603,
15.7478,44.0044,34,87,435,122,15.7478,32.6603,
15.7478,44.0044,38,88,440,123,15.7478,32.6603,
15.7478,44.0044,34,89,445,124,15.7478,70.5345,
15.7478,50.7369,35,90,450,126,15.7478,70.5345,
15.7478,50.7369,41.5,91,455,127,15.7478,70.5345,
15.7478,50.7369,30.5,92,460,128,15.7478,70.5345,
15.7478,50.7369,35.5,93,465,129,15.7478,70.5345,
15.7478,63.1737,13.5,94,470,131,15.7478,70.5345,
15.7478,49.2478,25,95,475,132,15.7478,70.5345,
15.7478,49.2478,47,96,480,133,15.7478,70.5345,
15.7478,49.2478,35.5,97,485,134,49.5727,70.5345,
15.7478,42.0695,42,98,490,136,49.5727,70.5345,
15.7478,43.4113,15,99,495,137,49.5727,70.5345,
15.7478,43.4113,38.5,100,500,138,49.5727,70.5345,
15.7478,43.4113,35,101,505,139,49.5727,70.5345,
15.7478,44.0044,27.5,102,510,141,49.5727,70.5345,
15.7478,44.0044,35.5,103,515,142,49.5727,70.5345,
15.7478,51.459,37.5,104,520,143,49.5727,70.5345,
15.7478,53.0135,8,105,525,144,49.5727,70.5345,
15.7478,51.459,21,106,530,146,49.5727,70.5345,
15.7478,42.9106,25,107,535,147,49.5727,-5.214,
15.7478,42.9106,0.5,108,540,148,49.5727,-5.214,
15.7478,42.9106,15.5,109,545,149,49.5727,-5.214,
15.7478,42.9106,20,110,550,151,49.5727,-5.214,
15.7478,45.5299,16.5,111,555,152,49.5727,-5.214,
15.7478,45.5299,14,112,560,153,49.5727,-5.214,
15.7478,45.5299,21,113,565,154,49.5727,-5.214,
15.7478,45.5299,6,114,570,156,49.5727,-5.214,
15.7478,41.1195,14.5,115,575,157,49.5727,-5.214,
15.7478,41.1195,-0.5,116,580,158,49.5727,-5.214,
15.7478,41.1195,14.5,117,585,159,49.5727,-5.214,
15.7478,45.6946,8.5,118,590,161,49.5727,-5.214,
15.7478,48.881,8,119,595,162,49.5727,-5.214,
15.7478,53.2001,11,120,600,163,49.5727,-5.214,
49.5727,53.2001,15,121,605,164,49.5727,-5.214,
49.5727,67.3347,10,122,610,166,49.5727,-5.214,
49.5727,67.3347,22,123,615,167,49.5727,-5.214,
49.5727,67.3347,9.5,124,620,168,49.5727,49.5727,
49.5727,65.6629,15.5,125,625,169,49.5727,49.5727,
49.5727,65.6629,4.5,126,630,171,49.5727,49.5727,
49.5727,65.6629,14.5,127,635,172,49.5727,49.5727,
49.5727,64.81,4,128,640,173,49.5727,49.5727,
49.5727,50.7369,-11.5,129,645,174,49.5727,49.5727,
49.5727,50.7369,16,130,650,176,49.5727,49.5727,
49.5727,50.7369,18,131,655,177,49.5727,49.5727,
49.5727,50.7369,27,132,660,178,49.5727,49.5727,
49.5727,50.7369,46.5,133,665,179,49.5727,49.5727,
49.5727,50.7369,13.5,134,670,181,49.5727,49.5727,
49.5727,50.7369,16.5,135,675,182,49.5727,49.5727,
49.5727,50.7369,22.5,136,680,183,49.5727,49.5727,
49.5727,51.459,35,137,685,184,49.5727,49.5727,
49.5727,53.0135,-18,138,690,186,49.5727,49.5727,
49.5727,45.4449,1,139,695,187,49.5727,49.5727,
49.5727,44.0044,18,140,700,188,49.5727,49.5727,
49.5727,39.3291,19.5,141,705,189,49.5727,49.5727,
49.5727,39.3291,19.5,142,710,191,49.5727,70.5345,
49.5727,38.1142,22.5,143,715,192,49.5727,70.5345,
49.5727,40.6485,29,144,720,193,49.5727,70.5345,
49.5727,37.4066,8.5,145,725,194,49.5727,70.5345,
49.5727,37.4066,24.5,146,730,196,49.5727,70.5345,
49.5727,37.4066,35,147,735,197,49.5727,70.5345,
49.5727,37.4066,37,148,740,198,49.5727,70.5345,
49.5727,37.2681,36,149,745,199,49.5727,70.5345,
49.5727,34.9243,42.5,150,750,201,49.5727,70.5345,
49.5727,35.1946,15.5,151,755,202,49.5727,70.5345,
49.5727,33.326,7.5,152,760,203,49.5727,70.5345,
49.5727,34.9243,25,153,765,204,49.5727,70.5345,
49.5727,30.2022,39.5,154,770,206,49.5727,70.5345,
49.5727,32.6603,27,155,775,207,49.5727,70.5345,
49.5727,32.6603,46,156,780,208,49.5727,70.5345,
49.5727,28.4689,25.5,157,785,209,49.5727,70.5345,
49.5727,24.6219,56.5,158,790,211,49.5727,70.5345,
49.5727,24.6219,40.5,159,795,212,49.5727,70.5345,
49.5727,22.4099,24.5,160,800,213,49.5727,70.5345,
49.5727,22.4099,31,161,805,214,49.5727,70.5345,
49.5727,22.4099,42.5,162,810,216,49.5727,70.5345,
49.5727,24.6219,15.5,163,815,217,49.5727,70.5345,
49.5727,28.4689,31.5,164,820,218,49.5727,32.6603,
49.5727,27.8638,36.5,165,825,219,49.5727,32.6603,
49.5727,27.8638,37.5,166,830,221,49.5727,32.6603,
49.5727,27.8638,18.5,167,835,222,49.5727,32.6603,
49.5727,4.1046,20.5,168,840,223,49.5727,32.6603,
49.5727,32.6603,8,169,845,224,49.5727,32.6603,
49.5727,32.6603,17,170,850,226,49.5727,32.6603,
49.5727,32.6603,50.5,171,855,227,49.5727,32.6603,
49.5727,32.6603,21.5,172,860,228,49.5727,32.6603,
49.5727,27.8638,50.5,173,865,229,49.5727,32.6603,
49.5727,27.8638,30.5,174,870,231,49.5727,32.6603,
49.5727,38.1142,21.5,175,875,232,49.5727,32.6603,
49.5727,38.1142,24,176,880,233,49.5727,32.6603,
49.5727,38.1142,26,177,885,234,49.5727,32.6603,
49.5727,39.3291,34,178,890,236,49.5727,32.6603,
49.5727,39.3291,46,179,895,237,49.5727,32.6603,
49.5727,37.4879,68.5,180,900,238,49.5727,32.6603,
49.5727,39.3291,8.5,181,905,239,49.5727,32.6603,
49.5727,39.3291,19.5,182,910,241,49.5727,32.6603,
49.5727,39.3291,7.5,183,915,242,49.5727,15.7478,
49.5727,44.0044,12,184,920,243,49.5727,15.7478,
49.5727,44.0044,17,185,925,244,49.5727,15.7478,
49.5727,44.0044,24,186,930,246,49.5727,15.7478,
49.5727,44.0044,13.5,187,935,247,49.5727,15.7478,
49.5727,44.0044,20.5,188,940,248,-5.214,15.7478,
49.5727,45.4449,6,189,945,249,-5.214,15.7478,
49.5727,44.0044,36,190,950,251,-5.214,15.7478,
49.5727,39.3291,2,191,955,252,-5.214,15.7478,
49.5727,38.8748,9.5,192,960,253,-5.214,15.7478,
49.5727,39.3291,24,193,965,254,-5.214,15.7478,
49.5727,39.3291,18.5,194,970,256,-5.214,15.7478,
49.5727,39.3291,17.5,195,975,257,-5.214,15.7478,
49.5727,36.2215,5,196,980,258,-5.214,15.7478,
49.5727,38.8748,19,197,985,259,-5.214,15.7478,
49.5727,42.0695,26,198,990,261,-5.214,15.7478,
49.5727,42.0243,12,199,995,262,-5.214,15.7478,
49.5727,49.35,23,200,1000,263,-5.214,15.7478,
49.5727,46.9801,19.5,201,1005,264,-5.214,70.5345,
49.5727,44.5224,16.5,202,1010,266,-5.214,70.5345,
49.5727,41.5262,4,203,1015,267,-5.214,70.5345,
49.5727,46.9801,18.5,204,1020,268,-5.214,70.5345,
49.5727,46.9801,19.5,205,1025,269,-5.214,70.5345,
49.5727,49.35,35,206,1030,271,-5.214,70.5345,
49.5727,49.35,47.5,207,1035,272,-5.214,70.5345,
49.5727,49.2478,48,208,1040,273,-5.214,70.5345,
49.5727,47.3522,43,209,1045,274,-5.214,70.5345,
49.5727,47.3522,71,210,1050,276,-5.214,70.5345,
49.5727,45.213,14,211,1055,277,-5.214,70.5345,
49.5727,45.213,19,212,1060,278,-5.214,70.5345,
49.5727,45.213,2.5,213,1065,279,-5.214,70.5345,
49.5727,44.4724,18,214,1070,281,-5.214,70.5345,
49.5727,44.4724,43.5,215,1075,282,-5.214,70.5345,
49.5727,47.3522,51.5,216,1080,283,-5.214,70.5345,
49.5727,45.213,19,217,1085,284,-5.214,70.5345,
49.5727,47.3522,46.5,218,1090,286,-5.214,70.5345,
49.5727,40.3442,32,219,1095,287,-5.214,70.5345,
49.5727,46.6964,56,220,1100,288,-5.214,70.5345,
49.5727,47.3522,41,221,1105,289,-5.214,70.5345,
49.5727,47.3522,47,222,1110,291,-5.214,49.5727,
49.5727,45.213,49,223,1115,292,-5.214,49.5727,
49.5727,45.213,58,224,1120,293,-5.214,49.5727,
49.5727,46.6964,47.5,225,1125,294,-5.214,49.5727,
49.5727,44.8401,47,226,1130,296,-5.214,49.5727,
49.5727,46.6964,44.5,227,1135,297,-5.214,49.5727,
49.5727,46.6964,49,228,1140,298,-5.214,49.5727,
49.5727,44.8401,38.5,229,1145,299,-5.214,49.5727,
49.5727,44.8401,32.5,230,1150,301,-5.214,49.5727,
49.5727,38.2699,60.5,231,1155,302,-5.214,49.5727,
49.5727,38.2699,52,232,1160,303,-5.214,49.5727,
49.5727,35.9301,52,233,1165,304,-5.214,49.5727,
-5.214,35.9301,41.5,234,1170,306,-5.214,49.5727,
-5.214,35.9301,45.5,235,1175,307,-5.214,49.5727,
-5.214,34.5897,48.5,236,1180,308,-5.214,49.5727,
-5.214,34.5897,63,237,1185,309,-5.214,49.5727,
-5.214,32.6603,43.5,238,1190,311,-5.214,49.5727,
-5.214,34.5897,52.5,239,1195,312,-5.214,49.5727,
-5.214,34.4467,45.5,240,1200,313,-5.214,49.5727,
-5.214,34.4467,,241,,314,-5.214,,
-5.214,34.4467,,242,,316,-5.214,,
-5.214,38.4048,,243,,317,-5.214,,
-5.214,37.4645,,244,,318,-5.214,,
-5.214,35.0732,,245,,319,-5.214,,
-5.214,38.4048,,246,,321,-5.214,,
-5.214,36.1588,,247,,322,-5.214,,
-5.214,35.9301,,248,,323,-5.214,,
-5.214,36.1588,,249,,324,-5.214,,
-5.214,37.6943,,250,,326,-5.214,,
-5.214,37.6943,,251,,327,-5.214,,
-5.214,37.4879,,252,,328,-5.214,,
-5.214,39.3291,,253,,329,-5.214,,
-5.214,39.3291,,254,,331,-5.214,,
-5.214,44.0044,,255,,332,-5.214,,
-5.214,42.9106,,256,,333,-5.214,,
-5.214,50.4792,,257,,334,-5.214,,
-5.214,51.459,,258,,336,-5.214,,
-5.214,45.4449,,259,,337,-5.214,,
-5.214,42.9106,,260,,338,-5.214,,
-5.214,42.9106,,261,,339,-5.214,,
-5.214,51.459,,262,,341,-5.214,,
-5.214,50.7369,,263,,342,-5.214,,
-5.214,49.2478,,264,,343,-5.214,,
-5.214,43.4113,,265,,344,-5.214,,
-5.214,43.4113,,266,,346,-5.214,,
-5.214,38.8748,,267,,347,-5.214,,
-5.214,37.6943,,268,,348,-5.214,,
-5.214,37.4879,,269,,349,-5.214,,
-5.214,38.8748,,270,,351,-5.214,,
-5.214,42.0695,,271,,352,-5.214,,
-5.214,42.0695,,272,,353,-5.214,,
-5.214,40.3442,,273,,354,-5.214,,
-5.214,36.1588,,274,,356,-5.214,,
-5.214,36.1588,,275,,357,-5.214,,
-5.214,34.4467,,276,,358,-5.214,,
-5.214,32.1745,,277,,359,32.6603,,
-5.214,31.1261,,278,,361,32.6603,,
-5.214,32.0554,,279,,362,32.6603,,
-5.214,32.0554,,280,,363,32.6603,,
-5.214,32.0554,,281,,364,32.6603,,
-5.214,31.1261,,282,,366,32.6603,,
-5.214,32.6603,,283,,367,32.6603,,
-5.214,32.6603,,284,,368,32.6603,,
-5.214,31.6626,,285,,369,32.6603,,
-5.214,32.6603,,286,,371,32.6603,,
-5.214,32.6603,,287,,372,32.6603,,
-5.214,32.6603,,288,,373,32.6603,,
-5.214,34.5897,,289,,374,32.6603,,
-5.214,32.6603,,290,,376,32.6603,,
-5.214,34.5897,,291,,377,32.6603,,
-5.214,34.4467,,292,,378,32.6603,,
-5.214,34.4467,,293,,379,32.6603,,
-5.214,34.4467,,294,,381,32.6603,,
-5.214,33.2791,,295,,382,32.6603,,
-5.214,35.4266,,296,,383,32.6603,,
-5.214,37.4879,,297,,384,32.6603,,
-5.214,42.0243,,298,,386,32.6603,,
-5.214,39.8018,,299,,387,32.6603,,
-5.214,42.0243,,300,,388,32.6603,,
-5.214,46.9801,,301,,389,32.6603,,
-5.214,61.1108,,302,,391,32.6603,,
-5.214,58.2311,,303,,392,32.6603,,
-5.214,55.4479,,304,,393,32.6603,,
-5.214,55.4479,,305,,394,32.6603,,
-5.214,41.8814,,306,,396,32.6603,,
-5.214,35.6008,,307,,397,32.6603,,
-5.214,25.7937,,308,,398,32.6603,,
-5.214,29.1612,,309,,399,32.6603,,
-5.214,38.553,,310,,401,32.6603,,
-5.214,41.5262,,311,,402,32.6603,,
-5.214,44.5224,,312,,403,32.6603,,
-5.214,44.5224,,313,,404,32.6603,,
-5.214,58.5955,,314,,406,32.6603,,
-5.214,58.5955,,315,,407,32.6603,,
-5.214,58.5955,,316,,408,32.6603,,
-5.214,58.5955,,317,,409,32.6603,,
-5.214,61.7302,,318,,411,32.6603,,
-5.214,61.7302,,319,,412,32.6603,,
-5.214,61.7302,,320,,413,32.6603,,
-5.214,61.7302,,321,,414,32.6603,,
-5.214,61.7302,,322,,416,32.6603,,
-5.214,64.8004,,323,,417,32.6603,,
-5.214,64.8004,,324,,418,32.6603,,
-5.214,67.6271,,325,,419,32.6603,,
-5.214,63.4041,,326,,421,32.6603,,
-5.214,68.1496,,327,,422,32.6603,,
-5.214,71.704,,328,,423,32.6603,,
-5.214,71.704,,329,,424,32.6603,,
-5.214,69.6187,,330,,426,32.6603,,
-5.214,33.0913,,331,,427,32.6603,,
-5.214,33.0913,,332,,428,32.6603,,
-5.214,33.0913,,333,,429,32.6603,,
-5.214,33.0913,,334,,431,32.6603,,
-5.214,33.0913,,335,,432,32.6603,,
-5.214,35.1766,,336,,433,32.6603,,
-5.214,35.1766,,337,,434,32.6603,,
-5.214,35.1766,,338,,436,32.6603,,
-5.214,35.1766,,339,,437,32.6603,,
-5.214,35.1766,,340,,438,32.6603,,
-5.214,35.1766,,341,,439,32.6603,,
-5.214,34.1566,,342,,441,32.6603,,
-5.214,34.1566,,343,,442,32.6603,,
-5.214,34.1566,,344,,443,32.6603,,
-5.214,34.1566,,345,,444,32.6603,,
32.6603,34.1566,,346,,446,32.6603,,
32.6603,34.1566,,347,,447,32.6603,,
32.6603,34.1566,,348,,448,32.6603,,
32.6603,34.1566,,349,,449,32.6603,,
32.6603,34.1566,,350,,451,32.6603,,
32.6603,33.0913,,351,,452,32.6603,,
32.6603,33.0913,,352,,453,32.6603,,
32.6603,33.0913,,353,,454,32.6603,,
32.6603,18.5681,,354,,456,32.6603,,
32.6603,18.5681,,355,,457,32.6603,,
32.6603,18.5681,,356,,458,32.6603,,
32.6603,19.5456,,357,,459,70.5345,,
32.6603,19.5456,,358,,461,70.5345,,
32.6603,53.5387,,359,,462,70.5345,,
32.6603,63.4041,,360,,463,70.5345,,
32.6603,63.4041,,361,,464,70.5345,,
32.6603,63.4041,,362,,466,70.5345,,
32.6603,63.4041,,363,,467,70.5345,,
32.6603,58.828,,364,,468,70.5345,,
32.6603,44.4009,,365,,469,70.5345,,
32.6603,48.881,,366,,471,70.5345,,
32.6603,48.881,,367,,472,70.5345,,
32.6603,48.881,,368,,473,70.5345,,
32.6603,48.881,,369,,474,70.5345,,
32.6603,44.4009,,370,,476,70.5345,,
32.6603,36.7307,,371,,477,70.5345,,
32.6603,36.7307,,372,,478,70.5345,,
32.6603,42.9106,,373,,479,70.5345,,
32.6603,42.9106,,374,,481,70.5345,,
32.6603,45.5299,,375,,482,70.5345,,
32.6603,45.5299,,376,,483,70.5345,,
32.6603,45.5299,,377,,484,70.5345,,
32.6603,53.0135,,378,,486,70.5345,,
32.6603,53.0135,,379,,487,70.5345,,
32.6603,51.459,,380,,488,70.5345,,
32.6603,51.459,,381,,489,70.5345,,
32.6603,51.459,,382,,491,70.5345,,
32.6603,53.0135,,383,,492,70.5345,,
32.6603,53.2001,,384,,493,70.5345,,
32.6603,53.2001,,385,,494,70.5345,,
32.6603,53.0135,,386,,496,70.5345,,
32.6603,51.459,,387,,497,70.5345,,
32.6603,50.4792,,388,,498,70.5345,,
32.6603,64.8004,,389,,499,70.5345,,
32.6603,64.8004,,390,,501,70.5345,,
32.6603,64.8004,,391,,502,70.5345,,
32.6603,64.8004,,392,,503,70.5345,,
32.6603,64.8004,,393,,504,70.5345,,
32.6603,58.828,,394,,506,70.5345,,
32.6603,56.834,,395,,507,70.5345,,
32.6603,54.05,,396,,508,70.5345,,
32.6603,54.55,,397,,509,70.5345,,
32.6603,50.5369,,398,,511,70.5345,,
32.6603,46.7334,,399,,512,70.5345,,
32.6603,46.7334,,400,,513,70.5345,,
32.6603,32.6603,,401,,514,70.5345,,
32.6603,36.333,,402,,516,70.5345,,
32.6603,44.5224,,403,,517,70.5345,,
32.6603,44.5224,,404,,518,70.5345,,
32.6603,44.5224,,405,,519,70.5345,,
32.6603,46.9801,,406,,521,70.5345,,
32.6603,44.4724,,407,,522,70.5345,,
32.6603,41.8814,,408,,523,70.5345,,
32.6603,41.8814,,409,,524,70.5345,,
32.6603,41.8814,,410,,526,70.5345,,
32.6603,44.4724,,411,,527,70.5345,,
32.6603,41.8814,,412,,528,70.5345,,
32.6603,39.2304,,413,,529,70.5345,,
32.6603,40.486,,414,,531,70.5345,,
32.6603,40.5052,,415,,532,70.5345,,
32.6603,40.5052,,416,,533,70.5345,,
32.6603,40.5052,,417,,534,70.5345,,
32.6603,38.1142,,418,,536,70.5345,,
32.6603,38.1142,,419,,537,70.5345,,
32.6603,38.1142,,420,,538,70.5345,,
32.6603,50.4792,,421,,539,70.5345,,
32.6603,50.4792,,422,,541,70.5345,,
32.6603,50.4792,,423,,542,70.5345,,
32.6603,49.35,,424,,543,70.5345,,
32.6603,67.6731,,425,,544,70.5345,,
32.6603,68.5307,,426,,546,70.5345,,
32.6603,67.0843,,427,,547,70.5345,,
32.6603,67.6731,,428,,548,-5.214,,
32.6603,67.0843,,429,,549,-5.214,,
32.6603,64.8723,,430,,551,-5.214,,
32.6603,64.8723,,431,,552,-5.214,,
32.6603,64.8723,,432,,553,-5.214,,
32.6603,64.1341,,433,,554,-5.214,,
32.6603,61.6304,,434,,556,-5.214,,
32.6603,64.1341,,435,,557,-5.214,,
32.6603,64.1341,,436,,558,-5.214,,
32.6603,64.1341,,437,,559,-5.214,,
32.6603,64.1341,,438,,561,-5.214,,
32.6603,60.7754,,439,,562,-5.214,,
32.6603,59.9428,,440,,563,-5.214,,
32.6603,62.6851,,441,,564,-5.214,,
32.6603,65.2433,,442,,566,-5.214,,
32.6603,67.0843,,443,,567,-5.214,,
32.6603,68.3647,,444,,568,-5.214,,
70.5345,68.8968,,445,,569,-5.214,,
70.5345,69.4406,,446,,571,-5.214,,
70.5345,69.6187,,447,,572,-5.214,,
70.5345,69.4406,,448,,573,-5.214,,
70.5345,69.6187,,449,,574,-5.214,,
70.5345,69.57,,450,,576,-5.214,,
70.5345,69.57,,451,,577,-5.214,,
70.5345,69.6187,,452,,578,-5.214,,
70.5345,69.4406,,453,,579,-5.214,,
70.5345,68.8968,,454,,581,-5.214,,
70.5345,67.9572,,455,,582,-5.214,,
70.5345,67.9572,,456,,583,-5.214,,
70.5345,32.6603,,457,,584,-5.214,,
70.5345,32.6603,,458,,586,-5.214,,
70.5345,36.8466,,459,,587,-5.214,,
70.5345,35.1183,,460,,588,-5.214,,
70.5345,35.1183,,461,,589,-5.214,,
70.5345,39.1953,,462,,591,-5.214,,
70.5345,36.8516,,463,,592,-5.214,,
70.5345,36.8516,,464,,593,-5.214,,
70.5345,36.8516,,465,,594,-5.214,,
70.5345,40.6986,,466,,596,-5.214,,
70.5345,40.6986,,467,,597,-5.214,,
70.5345,44.225,,468,,598,-5.214,,
70.5345,44.225,,469,,599,-5.214,,
70.5345,47.4735,,470,,601,-5.214,,
70.5345,49.35,,471,,602,-5.214,,
70.5345,49.35,,472,,603,-5.214,,
70.5345,52.1367,,473,,604,-5.214,,
70.5345,49.35,,474,,606,-5.214,,
70.5345,38.1142,,475,,607,-5.214,,
70.5345,38.1142,,476,,608,-5.214,,
70.5345,39.7717,,477,,609,-5.214,,
70.5345,39.7717,,478,,611,-5.214,,
70.5345,35.9741,,479,,612,-5.214,,
70.5345,35.9741,,480,,613,-5.214,,
70.5345,40.5529,,481,,614,-5.214,,
70.5345,38.5368,,482,,616,-5.214,,
70.5345,33.7091,,483,,617,-5.214,,
70.5345,34.0472,,484,,618,-5.214,,
70.5345,33.7091,,485,,619,-5.214,,
70.5345,32.4236,,486,,621,-5.214,,
70.5345,32.4236,,487,,622,-5.214,,
70.5345,31.2733,,488,,623,-5.214,,
70.5345,32.0501,,489,,624,-5.214,,
70.5345,31.2733,,490,,626,-5.214,,
70.5345,31.2733,,491,,627,-5.214,,
70.5345,31.2733,,492,,628,-5.214,,
70.5345,32.3222,,493,,629,-5.214,,
70.5345,32.3222,,494,,631,-5.214,,
70.5345,31.2733,,495,,632,-5.214,,
70.5345,30.3926,,496,,633,-5.214,,
70.5345,31.2733,,497,,634,49.5727,,
70.5345,32.3222,,498,,636,49.5727,,
70.5345,32.3222,,499,,637,49.5727,,
70.5345,32.3222,,500,,638,49.5727,,
70.5345,32.0501,,501,,639,49.5727,,
70.5345,32.0501,,502,,641,49.5727,,
70.5345,31.2733,,503,,642,49.5727,,
70.5345,30.3926,,504,,643,49.5727,,
70.5345,28.2849,,505,,644,49.5727,,
70.5345,29.3904,,506,,646,49.5727,,
70.5345,30.8738,,507,,647,49.5727,,
70.5345,26.9157,,508,,648,49.5727,,
70.5345,30.8738,,509,,649,49.5727,,
70.5345,32.6603,,510,,651,49.5727,,
70.5345,32.1745,,511,,652,49.5727,,
70.5345,32.6603,,512,,653,49.5727,,
70.5345,33.146,,513,,654,49.5727,,
70.5345,34.5897,,514,,656,49.5727,,
70.5345,35.9301,,515,,657,49.5727,,
70.5345,34.5897,,516,,658,49.5727,,
70.5345,34.5897,,517,,659,49.5727,,
70.5345,34.5897,,518,,661,49.5727,,
70.5345,35.9301,,519,,662,49.5727,,
70.5345,34.5897,,520,,663,49.5727,,
70.5345,34.4467,,521,,664,49.5727,,
70.5345,31.1151,,522,,666,49.5727,,
70.5345,32.6603,,523,,667,49.5727,,
70.5345,32.6603,,524,,668,49.5727,,
70.5345,32.6603,,525,,669,49.5727,,
70.5345,35.0732,,526,,671,49.5727,,
70.5345,37.4645,,527,,672,49.5727,,
70.5345,37.4645,,528,,673,49.5727,,
70.5345,44.4724,,529,,674,49.5727,,
70.5345,41.8814,,530,,676,49.5727,,
70.5345,35.0732,,531,,677,49.5727,,
70.5345,35.0732,,532,,678,49.5727,,
70.5345,35.0732,,533,,679,49.5727,,
-5.214,32.6603,,534,,681,49.5727,,
-5.214,32.6603,,535,,682,49.5727,,
-5.214,35.0732,,536,,683,49.5727,,
-5.214,31.5451,,537,,684,49.5727,,
-5.214,35.0732,,538,,686,49.5727,,
-5.214,36.3405,,539,,687,49.5727,,
-5.214,34.4467,,540,,688,49.5727,,
-5.214,33.2791,,541,,689,49.5727,,
-5.214,31.1151,,542,,691,49.5727,,
-5.214,28.8429,,543,,692,49.5727,,
-5.214,28.8429,,544,,693,49.5727,,
-5.214,30.7308,,545,,694,49.5727,,
-5.214,32.1745,,546,,696,49.5727,,
-5.214,33.6579,,547,,697,49.5727,,
-5.214,34.4912,,548,,698,49.5727,,
-5.214,37.0356,,549,,699,49.5727,,
-5.214,37.0356,,550,,701,49.5727,,
-5.214,35.9301,,551,,702,49.5727,,
-5.214,35.9301,,552,,703,49.5727,,
-5.214,33.6579,,553,,704,49.5727,,
-5.214,34.4912,,554,,706,49.5727,,
-5.214,37.0356,,555,,707,49.5727,,
-5.214,37.6943,,556,,708,49.5727,,
-5.214,38.8748,,557,,709,49.5727,,
-5.214,39.3291,,558,,711,49.5727,,
-5.214,44.0044,,559,,712,49.5727,,
-5.214,44.0044,,560,,713,49.5727,,
-5.214,43.4113,,561,,714,49.5727,,
-5.214,44.0044,,562,,716,49.5727,,
-5.214,42.9106,,563,,717,49.5727,,
-5.214,50.4792,,564,,718,49.5727,,
-5.214,50.4792,,565,,719,49.5727,,
-5.214,50.4792,,566,,721,49.5727,,
-5.214,64.8004,,567,,722,49.5727,,
-5.214,67.6271,,568,,723,49.5727,,
-5.214,63.4041,,569,,724,70.5345,,
-5.214,58.828,,570,,726,70.5345,,
-5.214,18.5681,,571,,727,70.5345,,
-5.214,17.5495,,572,,728,70.5345,,
-5.214,16.4861,,573,,729,70.5345,,
-5.214,16.4861,,574,,731,70.5345,,
-5.214,16.4861,,575,,732,70.5345,,
-5.214,16.4861,,576,,733,70.5345,,
-5.214,29.5782,,577,,734,70.5345,,
-5.214,29.5782,,578,,736,70.5345,,
-5.214,29.5782,,579,,737,70.5345,,
-5.214,29.5782,,580,,738,70.5345,,
-5.214,29.5782,,581,,739,70.5345,,
-5.214,29.5782,,582,,741,70.5345,,
-5.214,28.2826,,583,,742,70.5345,,
-5.214,26.913,,584,,743,70.5345,,
-5.214,43.0871,,585,,744,70.5345,,
-5.214,29.1612,,586,,746,70.5345,,
-5.214,38.553,,587,,747,70.5345,,
-5.214,31.5451,,588,,748,70.5345,,
-5.214,31.5451,,589,,749,70.5345,,
-5.214,31.5451,,590,,751,70.5345,,
-5.214,27.3597,,591,,752,70.5345,,
-5.214,31.1151,,592,,753,70.5345,,
-5.214,28.98,,593,,754,70.5345,,
-5.214,31.1151,,594,,756,70.5345,,
-5.214,35.0732,,595,,757,70.5345,,
-5.214,37.4645,,596,,758,70.5345,,
-5.214,39.8018,,597,,759,70.5345,,
-5.214,37.4645,,598,,761,70.5345,,
-5.214,39.8018,,599,,762,70.5345,,
-5.214,39.8018,,600,,763,70.5345,,
-5.214,42.0243,,601,,764,70.5345,,
-5.214,42.0243,,602,,766,70.5345,,
-5.214,42.0243,,603,,767,70.5345,,
-5.214,39.8018,,604,,768,70.5345,,
-5.214,37.4645,,605,,769,70.5345,,
-5.214,35.0732,,606,,771,70.5345,,
-5.214,37.4645,,607,,772,70.5345,,
-5.214,39.8018,,608,,773,70.5345,,
-5.214,32.6603,,609,,774,70.5345,,
-5.214,34.3479,,610,,776,70.5345,,
-5.214,25.3346,,611,,777,70.5345,,
-5.214,32.6603,,612,,778,70.5345,,
-5.214,32.6603,,613,,779,70.5345,,
-5.214,36.333,,614,,781,70.5345,,
-5.214,58.5955,,615,,782,70.5345,,
-5.214,50.5369,,616,,783,70.5345,,
-5.214,54.55,,617,,784,70.5345,,
-5.214,54.55,,618,,786,70.5345,,
-5.214,54.55,,619,,787,70.5345,,
49.5727,54.55,,620,,788,70.5345,,
49.5727,54.55,,621,,789,70.5345,,
49.5727,54.55,,622,,791,70.5345,,
49.5727,50.5369,,623,,792,70.5345,,
49.5727,36.333,,624,,793,70.5345,,
49.5727,36.333,,625,,794,70.5345,,
49.5727,36.333,,626,,796,70.5345,,
49.5727,36.333,,627,,797,70.5345,,
49.5727,40.2288,,628,,798,70.5345,,
49.5727,44.4009,,629,,799,70.5345,,
49.5727,48.881,,630,,801,70.5345,,
49.5727,44.4009,,631,,802,70.5345,,
49.5727,44.4009,,632,,803,70.5345,,
49.5727,58.828,,633,,804,70.5345,,
49.5727,63.4041,,634,,806,70.5345,,
49.5727,63.4041,,635,,807,70.5345,,
49.5727,58.828,,636,,808,70.5345,,
49.5727,58.828,,637,,809,70.5345,,
49.5727,54.55,,638,,811,70.5345,,
49.5727,31.9765,,639,,812,70.5345,,
49.5727,31.9765,,640,,813,70.5345,,
49.5727,31.9765,,641,,814,70.5345,,
49.5727,31.9765,,642,,816,70.5345,,
49.5727,31.9765,,643,,817,70.5345,,
49.5727,54.55,,644,,818,70.5345,,
49.5727,54.55,,645,,819,70.5345,,
49.5727,54.55,,646,,821,70.5345,,
49.5727,44.4009,,647,,822,70.5345,,
49.5727,58.828,,648,,823,70.5345,,
49.5727,58.828,,649,,824,70.5345,,
49.5727,58.828,,650,,826,70.5345,,
49.5727,64.8004,,651,,827,70.5345,,
49.5727,65.6629,,652,,828,70.5345,,
49.5727,51.459,,653,,829,70.5345,,
49.5727,51.459,,654,,831,70.5345,,
49.5727,53.0135,,655,,832,32.6603,,
49.5727,45.4449,,656,,833,32.6603,,
49.5727,45.4449,,657,,834,32.6603,,
49.5727,44.0044,,658,,836,32.6603,,
49.5727,44.0044,,659,,837,32.6603,,
49.5727,42.9106,,660,,838,32.6603,,
49.5727,42.9106,,661,,839,32.6603,,
49.5727,36.7307,,662,,841,32.6603,,
49.5727,36.7307,,663,,842,32.6603,,
49.5727,36.7307,,664,,843,32.6603,,
49.5727,36.7307,,665,,844,32.6603,,
49.5727,36.7307,,666,,846,32.6603,,
49.5727,36.7307,,667,,847,32.6603,,
49.5727,41.1195,,668,,848,32.6603,,
49.5727,41.1195,,669,,849,32.6603,,
49.5727,10.83,,670,,851,32.6603,,
49.5727,18.674,,671,,852,32.6603,,
49.5727,18.674,,672,,853,32.6603,,
49.5727,18.674,,673,,854,32.6603,,
49.5727,18.674,,674,,856,32.6603,,
49.5727,19.6134,,675,,857,32.6603,,
49.5727,12.5297,,676,,858,32.6603,,
49.5727,20.5175,,677,,859,32.6603,,
49.5727,20.5175,,678,,861,32.6603,,
49.5727,20.5175,,679,,862,32.6603,,
49.5727,35.2836,,680,,863,32.6603,,
49.5727,35.2836,,681,,864,32.6603,,
49.5727,36.1551,,682,,866,32.6603,,
49.5727,21.3891,,683,,867,32.6603,,
49.5727,21.3891,,684,,868,32.6603,,
49.5727,20.485,,685,,869,32.6603,,
49.5727,20.485,,686,,871,32.6603,,
49.5727,12.5659,,687,,872,32.6603,,
49.5727,12.5659,,688,,873,32.6603,,
49.5727,12.5659,,689,,874,32.6603,,
49.5727,12.5659,,690,,876,32.6603,,
49.5727,11.7016,,691,,877,32.6603,,
49.5727,41.1195,,692,,878,32.6603,,
49.5727,36.7307,,693,,879,32.6603,,
49.5727,32.6603,,694,,881,32.6603,,
49.5727,40.0717,,695,,882,32.6603,,
49.5727,42.0243,,696,,883,32.6603,,
49.5727,37.4879,,697,,884,32.6603,,
49.5727,37.4879,,698,,886,32.6603,,
49.5727,35.4266,,699,,887,32.6603,,
49.5727,40.3442,,700,,888,32.6603,,
49.5727,39.8882,,701,,889,32.6603,,
49.5727,38.2699,,702,,891,32.6603,,
49.5727,37.526,,703,,892,32.6603,,
49.5727,36.4168,,704,,893,32.6603,,
49.5727,35.099,,705,,894,32.6603,,
49.5727,34.3178,,706,,896,32.6603,,
49.5727,39.7717,,707,,897,32.6603,,
49.5727,34.3178,,708,,898,32.6603,,
49.5727,34.5858,,709,,899,32.6603,,
70.5345,34.3178,,710,,901,32.6603,,
70.5345,39.7717,,711,,902,32.6603,,
70.5345,37.4879,,712,,903,32.6603,,
70.5345,37.4879,,713,,904,32.6603,,
70.5345,35.0901,,714,,906,32.6603,,
70.5345,35.6113,,715,,907,32.6603,,
70.5345,32.6603,,716,,908,32.6603,,
70.5345,32.6603,,717,,909,32.6603,,
70.5345,32.6603,,718,,911,32.6603,,
70.5345,32.6603,,719,,912,32.6603,,
70.5345,31.7061,,720,,913,32.6603,,
70.5345,34.3178,,721,,914,32.6603,,
70.5345,33.7091,,722,,916,32.6603,,
70.5345,32.0501,,723,,917,32.6603,,
70.5345,32.8313,,724,,918,32.6603,,
70.5345,32.8313,,725,,919,32.6603,,
70.5345,32.6603,,726,,921,32.6603,,
70.5345,32.2176,,727,,922,32.6603,,
70.5345,32.2176,,728,,923,32.6603,,
70.5345,30.8293,,729,,924,15.7478,,
70.5345,28.2849,,730,,926,15.7478,,
70.5345,28.2849,,731,,927,15.7478,,
70.5345,29.1617,,732,,928,15.7478,,
70.5345,27.6262,,733,,929,15.7478,,
70.5345,29.1617,,734,,931,15.7478,,
70.5345,29.1617,,735,,932,15.7478,,
70.5345,25.4323,,736,,933,15.7478,,
70.5345,25.4323,,737,,934,15.7478,,
70.5345,25.4323,,738,,936,15.7478,,
70.5345,28.2849,,739,,937,15.7478,,
70.5345,30.3926,,740,,938,15.7478,,
70.5345,30.8293,,741,,939,15.7478,,
70.5345,30.8293,,742,,941,15.7478,,
70.5345,30.8293,,743,,942,15.7478,,
70.5345,32.0501,,744,,943,15.7478,,
70.5345,33.0944,,745,,944,15.7478,,
70.5345,33.537,,746,,946,15.7478,,
70.5345,35.099,,747,,947,15.7478,,
70.5345,34.3178,,748,,948,15.7478,,
70.5345,31.7061,,749,,949,15.7478,,
70.5345,34.3178,,750,,951,15.7478,,
70.5345,32.6603,,751,,952,15.7478,,
70.5345,34.5858,,752,,953,15.7478,,
70.5345,32.0414,,753,,954,15.7478,,
70.5345,32.0414,,754,,956,15.7478,,
70.5345,29.1617,,755,,957,15.7478,,
70.5345,29.1617,,756,,958,15.7478,,
70.5345,26.9157,,757,,959,15.7478,,
70.5345,24.9763,,758,,961,15.7478,,
70.5345,24.0995,,759,,962,15.7478,,
70.5345,24.9763,,760,,963,15.7478,,
70.5345,23.251,,761,,964,15.7478,,
70.5345,27.6262,,762,,966,15.7478,,
70.5345,27.6262,,763,,967,15.7478,,
70.5345,29.1617,,764,,968,15.7478,,
70.5345,32.0414,,765,,969,15.7478,,
70.5345,27.856,,766,,971,15.7478,,
70.5345,27.856,,767,,972,15.7478,,
70.5345,30.2473,,768,,973,15.7478,,
70.5345,27.856,,769,,974,15.7478,,
70.5345,26.9157,,770,,976,15.7478,,
70.5345,26.9157,,771,,977,15.7478,,
70.5345,28.98,,772,,978,15.7478,,
70.5345,30.2473,,773,,979,15.7478,,
70.5345,26.0901,,774,,981,15.7478,,
70.5345,26.0901,,775,,982,15.7478,,
70.5345,30.2473,,776,,983,15.7478,,
70.5345,32.6603,,777,,984,15.7478,,
70.5345,26.0901,,778,,986,15.7478,,
70.5345,32.6603,,779,,987,15.7478,,
70.5345,32.6603,,780,,988,15.7478,,
70.5345,32.6603,,781,,989,15.7478,,
70.5345,32.6603,,782,,991,15.7478,,
70.5345,46.0032,,783,,992,15.7478,,
70.5345,42.7981,,784,,993,15.7478,,
70.5345,46.0032,,785,,994,15.7478,,
70.5345,22.5224,,786,,996,15.7478,,
70.5345,25.7937,,787,,997,15.7478,,
70.5345,22.5224,,788,,998,15.7478,,
70.5345,22.5224,,789,,999,15.7478,,
70.5345,35.6008,,790,,1001,15.7478,,
70.5345,41.8814,,791,,1002,15.7478,,
70.5345,35.0732,,792,,1003,15.7478,,
70.5345,33.2791,,793,,1004,15.7478,,
70.5345,37.4645,,794,,1006,15.7478,,
70.5345,39.8018,,795,,1007,15.7478,,
70.5345,35.4266,,796,,1008,15.7478,,
70.5345,34.5368,,797,,1009,15.7478,,
70.5345,34.5368,,798,,1011,15.7478,,
70.5345,34.1632,,799,,1012,15.7478,,
70.5345,32.6603,,800,,1013,15.7478,,
70.5345,32.6603,,801,,1014,15.7478,,
70.5345,35.1946,,802,,1016,70.5345,,
70.5345,35.1946,,803,,1017,70.5345,,
70.5345,35.1946,,804,,1018,70.5345,,
70.5345,33.7482,,805,,1019,70.5345,,
70.5345,33.326,,806,,1021,70.5345,,
70.5345,32.3255,,807,,1022,70.5345,,
70.5345,27.3225,,808,,1023,70.5345,,
70.5345,32.3255,,809,,1024,70.5345,,
70.5345,33.326,,810,,1026,70.5345,,
70.5345,33.326,,811,,1027,70.5345,,
70.5345,28.4739,,812,,1028,70.5345,,
70.5345,28.4739,,813,,1029,70.5345,,
70.5345,31.3799,,814,,1031,70.5345,,
70.5345,34.3218,,815,,1032,70.5345,,
70.5345,35.7137,,816,,1033,70.5345,,
70.5345,37.6534,,817,,1034,70.5345,,
32.6603,37.6534,,818,,1036,70.5345,,
32.6603,34.5013,,819,,1037,70.5345,,
32.6603,38.8748,,820,,1038,70.5345,,
32.6603,40.6268,,821,,1039,70.5345,,
32.6603,40.6268,,822,,1041,70.5345,,
32.6603,45.5299,,823,,1042,70.5345,,
32.6603,42.9106,,824,,1043,70.5345,,
32.6603,38.1142,,825,,1044,70.5345,,
32.6603,31.8276,,826,,1046,70.5345,,
32.6603,27.8638,,827,,1047,70.5345,,
32.6603,27.8638,,828,,1048,70.5345,,
32.6603,32.6603,,829,,1049,70.5345,,
32.6603,32.6603,,830,,1051,70.5345,,
32.6603,40.2288,,831,,1052,70.5345,,
32.6603,40.2288,,832,,1053,70.5345,,
32.6603,50.4792,,833,,1054,70.5345,,
32.6603,50.4792,,834,,1056,70.5345,,
32.6603,50.4792,,835,,1057,70.5345,,
32.6603,42.9106,,836,,1058,70.5345,,
32.6603,42.9106,,837,,1059,70.5345,,
32.6603,50.4792,,838,,1061,70.5345,,
32.6603,50.4792,,839,,1062,70.5345,,
32.6603,47.5263,,840,,1063,70.5345,,
32.6603,47.5263,,841,,1064,70.5345,,
32.6603,40.0717,,842,,1066,70.5345,,
32.6603,44.0044,,843,,1067,70.5345,,
32.6603,40.0717,,844,,1068,70.5345,,
32.6603,40.0717,,845,,1069,70.5345,,
32.6603,40.0717,,846,,1071,70.5345,,
32.6603,42.0243,,847,,1072,70.5345,,
32.6603,39.3291,,848,,1073,70.5345,,
32.6603,44.0044,,849,,1074,70.5345,,
32.6603,42.0243,,850,,1076,70.5345,,
32.6603,44.0044,,851,,1077,70.5345,,
32.6603,42.0243,,852,,1078,70.5345,,
32.6603,42.0243,,853,,1079,70.5345,,
32.6603,42.0243,,854,,1081,70.5345,,
32.6603,42.0243,,855,,1082,70.5345,,
32.6603,42.0243,,856,,1083,70.5345,,
32.6603,40.0717,,857,,1084,70.5345,,
32.6603,40.0717,,858,,1086,70.5345,,
32.6603,40.0717,,859,,1087,70.5345,,
32.6603,47.5263,,860,,1088,70.5345,,
32.6603,47.5263,,861,,1089,70.5345,,
32.6603,47.5263,,862,,1091,70.5345,,
32.6603,47.5263,,863,,1092,70.5345,,
32.6603,50.4792,,864,,1093,70.5345,,
32.6603,50.4792,,865,,1094,70.5345,,
32.6603,64.8004,,866,,1096,70.5345,,
32.6603,58.828,,867,,1097,70.5345,,
32.6603,63.4041,,868,,1098,70.5345,,
32.6603,68.1496,,869,,1099,70.5345,,
32.6603,68.1496,,870,,1101,70.5345,,
32.6603,34.3051,,871,,1102,70.5345,,
32.6603,67.0843,,872,,1103,70.5345,,
32.6603,63.4041,,873,,1104,70.5345,,
32.6603,67.0843,,874,,1106,70.5345,,
32.6603,67.0843,,875,,1107,70.5345,,
32.6603,69.6187,,876,,1108,70.5345,,
32.6603,67.0843,,877,,1109,70.5345,,
32.6603,67.0843,,878,,1111,70.5345,,
32.6603,67.0843,,879,,1112,70.5345,,
32.6603,67.0843,,880,,1113,70.5345,,
32.6603,69.6187,,881,,1114,70.5345,,
32.6603,69.6187,,882,,1116,70.5345,,
32.6603,68.7419,,883,,1117,70.5345,,
32.6603,68.7419,,884,,1118,70.5345,,
32.6603,68.7419,,885,,1119,70.5345,,
32.6603,68.7419,,886,,1121,70.5345,,
32.6603,68.7419,,887,,1122,49.5727,,
32.6603,68.7419,,888,,1123,49.5727,,
32.6603,68.7419,,889,,1124,49.5727,,
32.6603,69.6187,,890,,1126,49.5727,,
32.6603,67.3347,,891,,1127,49.5727,,
32.6603,65.6629,,892,,1128,49.5727,,
32.6603,65.6629,,893,,1129,49.5727,,
32.6603,64.81,,894,,1131,49.5727,,
32.6603,64.81,,895,,1132,49.5727,,
32.6603,65.6629,,896,,1133,49.5727,,
32.6603,65.6629,,897,,1134,49.5727,,
32.6603,65.6629,,898,,1136,49.5727,,
32.6603,65.6629,,899,,1137,49.5727,,
32.6603,65.6629,,900,,1138,49.5727,,
32.6603,67.3347,,901,,1139,49.5727,,
32.6603,65.6629,,902,,1141,49.5727,,
32.6603,64.81,,903,,1142,49.5727,,
32.6603,63.1737,,904,,1143,49.5727,,
32.6603,63.4231,,905,,1144,49.5727,,
32.6603,63.4231,,906,,1146,49.5727,,
32.6603,65.6629,,907,,1147,49.5727,,
32.6603,65.6629,,908,,1148,49.5727,,
32.6603,65.6629,,909,,1149,49.5727,,
32.6603,65.6629,,910,,1151,49.5727,,
15.7478,65.6629,,911,,1152,49.5727,,
15.7478,65.6629,,912,,1153,49.5727,,
15.7478,65.6629,,913,,1154,49.5727,,
15.7478,64.8004,,914,,1156,49.5727,,
15.7478,65.2433,,915,,1157,49.5727,,
15.7478,56.834,,916,,1158,49.5727,,
15.7478,56.834,,917,,1159,49.5727,,
15.7478,56.834,,918,,1161,49.5727,,
15.7478,56.834,,919,,1162,49.5727,,
15.7478,56.834,,920,,1163,49.5727,,
15.7478,59.9428,,921,,1164,49.5727,,
15.7478,67.0843,,922,,1166,49.5727,,
15.7478,67.0843,,923,,1167,49.5727,,
15.7478,69.176,,924,,1168,49.5727,,
15.7478,68.2317,,925,,1169,49.5727,,
15.7478,68.2317,,926,,1171,49.5727,,
15.7478,69.176,,927,,1172,49.5727,,
15.7478,69.6187,,928,,1173,49.5727,,
15.7478,69.176,,929,,1174,49.5727,,
15.7478,69.176,,930,,1176,49.5727,,
15.7478,69.6187,,931,,1177,49.5727,,
15.7478,64.81,,932,,1178,49.5727,,
15.7478,64.81,,933,,1179,49.5727,,
15.7478,64.81,,934,,1181,49.5727,,
15.7478,64.81,,935,,1182,49.5727,,
15.7478,64.81,,936,,1183,49.5727,,
15.7478,,,937,,,,,
15.7478,,,938,,,,,
15.7478,,,939,,,,,
15.7478,,,940,,,,,
15.7478,,,941,,,,,
15.7478,,,942,,,,,
15.7478,,,943,,,,,
15.7478,,,944,,,,,
15.7478,,,945,,,,,
15.7478,,,946,,,,,
15.7478,,,947,,,,,
15.7478,,,948,,,,,
15.7478,,,949,,,,,
15.7478,,,950,,,,,
15.7478,,,951,,,,,
15.7478,,,952,,,,,
15.7478,,,953,,,,,
15.7478,,,954,,,,,
15.7478,,,955,,,,,
15.7478,,,956,,,,,
15.7478,,,957,,,,,
15.7478,,,958,,,,,
15.7478,,,959,,,,,
15.7478,,,960,,,,,
15.7478,,,961,,,,,
15.7478,,,962,,,,,
15.7478,,,963,,,,,
15.7478,,,964,,,,,
15.7478,,,965,,,,,
15.7478,,,966,,,,,
15.7478,,,967,,,,,
15.7478,,,968,,,,,
15.7478,,,969,,,,,
15.7478,,,970,,,,,
15.7478,,,971,,,,,
15.7478,,,972,,,,,
15.7478,,,973,,,,,
15.7478,,,974,,,,,
15.7478,,,975,,,,,
15.7478,,,976,,,,,
15.7478,,,977,,,,,
15.7478,,,978,,,,,
15.7478,,,979,,,,,
15.7478,,,980,,,,,
15.7478,,,981,,,,,
15.7478,,,982,,,,,
15.7478,,,983,,,,,
15.7478,,,984,,,,,
15.7478,,,985,,,,,
15.7478,,,986,,,,,
15.7478,,,987,,,,,
15.7478,,,988,,,,,
15.7478,,,989,,,,,
15.7478,,,990,,,,,
15.7478,,,991,,,,,
15.7478,,,992,,,,,
15.7478,,,993,,,,,
15.7478,,,994,,,,,
15.7478,,,995,,,,,
15.7478,,,996,,,,,
15.7478,,,997,,,,,
15.7478,,,998,,,,,
15.7478,,,999,,,,,
15.7478,,,1000,,,,,
15.7478,,,1001,,,,,
70.5345,,,1002,,,,,
70.5345,,,1003,,,,,
70.5345,,,1004,,,,,
70.5345,,,1005,,,,,
70.5345,,,1006,,,,,
70.5345,,,1007,,,,,
70.5345,,,1008,,,,,
70.5345,,,1009,,,,,
70.5345,,,1010,,,,,
70.5345,,,1011,,,,,
70.5345,,,1012,,,,,
70.5345,,,1013,,,,,
70.5345,,,1014,,,,,
70.5345,,,1015,,,,,
70.5345,,,1016,,,,,
70.5345,,,1017,,,,,
70.5345,,,1018,,,,,
70.5345,,,1019,,,,,
70.5345,,,1020,,,,,
70.5345,,,1021,,,,,
70.5345,,,1022,,,,,
70.5345,,,1023,,,,,
70.5345,,,1024,,,,,
70.5345,,,1025,,,,,
70.5345,,,1026,,,,,
70.5345,,,1027,,,,,
70.5345,,,1028,,,,,
70.5345,,,1029,,,,,
70.5345,,,1030,,,,,
70.5345,,,1031,,,,,
70.5345,,,1032,,,,,
70.5345,,,1033,,,,,
70.5345,,,1034,,,,,
70.5345,,,1035,,,,,
70.5345,,,1036,,,,,
70.5345,,,1037,,,,,
70.5345,,,1038,,,,,
70.5345,,,1039,,,,,
70.5345,,,1040,,,,,
70.5345,,,1041,,,,,
70.5345,,,1042,,,,,
70.5345,,,1043,,,,,
70.5345,,,1044,,,,,
70.5345,,,1045,,,,,
70.5345,,,1046,,,,,
70.5345,,,1047,,,,,
70.5345,,,1048,,,,,
70.5345,,,1049,,,,,
70.5345,,,1050,,,,,
70.5345,,,1051,,,,,
70.5345,,,1052,,,,,
70.5345,,,1053,,,,,
70.5345,,,1054,,,,,
70.5345,,,1055,,,,,
70.5345,,,1056,,,,,
70.5345,,,1057,,,,,
70.5345,,,1058,,,,,
70.5345,,,1059,,,,,
70.5345,,,1060,,,,,
70.5345,,,1061,,,,,
70.5345,,,1062,,,,,
70.5345,,,1063,,,,,
70.5345,,,1064,,,,,
70.5345,,,1065,,,,,
70.5345,,,1066,,,,,
70.5345,,,1067,,,,,
70.5345,,,1068,,,,,
70.5345,,,1069,,,,,
70.5345,,,1070,,,,,
70.5345,,,1071,,,,,
70.5345,,,1072,,,,,
70.5345,,,1073,,,,,
70.5345,,,1074,,,,,
70.5345,,,1075,,,,,
70.5345,,,1076,,,,,
70.5345,,,1077,,,,,
70.5345,,,1078,,,,,
70.5345,,,1079,,,,,
70.5345,,,1080,,,,,
70.5345,,,1081,,,,,
70.5345,,,1082,,,,,
70.5345,,,1083,,,,,
70.5345,,,1084,,,,,
70.5345,,,1085,,,,,
70.5345,,,1086,,,,,
70.5345,,,1087,,,,,
70.5345,,,1088,,,,,
70.5345,,,1089,,,,,
70.5345,,,1090,,,,,
70.5345,,,1091,,,,,
70.5345,,,1092,,,,,
70.5345,,,1093,,,,,
70.5345,,,1094,,,,,
70.5345,,,1095,,,,,
70.5345,,,1096,,,,,
70.5345,,,1097,,,,,
70.5345,,,1098,,,,,
70.5345,,,1099,,,,,
70.5345,,,1100,,,,,
70.5345,,,1101,,,,,
70.5345,,,1102,,,,,
70.5345,,,1103,,,,,
70.5345,,,1104,,,,,
70.5345,,,1105,,,,,
70.5345,,,1106,,,,,
70.5345,,,1107,,,,,
49.5727,,,1108,,,,,
49.5727,,,1109,,,,,
49.5727,,,1110,,,,,
49.5727,,,1111,,,,,
49.5727,,,1112,,,,,
49.5727,,,1113,,,,,
49.5727,,,1114,,,,,
49.5727,,,1115,,,,,
49.5727,,,1116,,,,,
49.5727,,,1117,,,,,
49.5727,,,1118,,,,,
49.5727,,,1119,,,,,
49.5727,,,1120,,,,,
49.5727,,,1121,,,,,
49.5727,,,1122,,,,,
49.5727,,,1123,,,,,
49.5727,,,1124,,,,,
49.5727,,,1125,,,,,
49.5727,,,1126,,,,,
49.5727,,,1127,,,,,
49.5727,,,1128,,,,,
49.5727,,,1129,,,,,
49.5727,,,1130,,,,,
49.5727,,,1131,,,,,
49.5727,,,1132,,,,,
49.5727,,,1133,,,,,
49.5727,,,1134,,,,,
49.5727,,,1135,,,,,
49.5727,,,1136,,,,,
49.5727,,,1137,,,,,
49.5727,,,1138,,,,,
49.5727,,,1139,,,,,
49.5727,,,1140,,,,,
49.5727,,,1141,,,,,
49.5727,,,1142,,,,,
49.5727,,,1143,,,,,
49.5727,,,1144,,,,,
49.5727,,,1145,,,,,
49.5727,,,1146,,,,,
49.5727,,,1147,,,,,
49.5727,,,1148,,,,,
49.5727,,,1149,,,,,
49.5727,,,1150,,,,,
49.5727,,,1151,,,,,
49.5727,,,1152,,,,,
49.5727,,,1153,,,,,
49.5727,,,1154,,,,,
49.5727,,,1155,,,,,
49.5727,,,1156,,,,,
49.5727,,,1157,,,,,
49.5727,,,1158,,,,,
49.5727,,,1159,,,,,
49.5727,,,1160,,,,,
49.5727,,,1161,,,,,
49.5727,,,1162,,,,,
49.5727,,,1163,,,,,
49.5727,,,1164,,,,,
49.5727,,,1165,,,,,
49.5727,,,1166,,,,,
49.5727,,,1167,,,,,
49.5727,,,1168,,,,,
49.5727,,,1169,,,,,
49.5727,,,1170,,,,,
49.5727,,,1171,,,,,
49.5727,,,1172,,,,,
49.5727,,,1173,,,,,
49.5727,,,1174,,,,,
49.5727,,,1175,,,,,
49.5727,,,1176,,,,,
49.5727,,,1177,,,,,
49.5727,,,1178,,,,,
49.5727,,,1179,,,,,
49.5727,,,1180,,,,,
49.5727,,,1181,,,,,
49.5727,,,1182,,,,,
49.5727,,,1183,,,,,
49.5727,,,1184,,,,,
49.5727,,,1185,,,,,
49.5727,,,1186,,,,,
49.5727,,,1187,,,,,
49.5727,,,1188,,,,,
49.5727,,,1189,,,,,
49.5727,,,1190,,,,,
49.5727,,,1191,,,,,
49.5727,,,1192,,,,,
49.5727,,,1193,,,,,
49.5727,,,1194,,,,,
49.5727,,,1195,,,,,
49.5727,,,1196,,,,,
49.5727,,,1197,,,,,
49.5727,,,1198,,,,,
49.5727,,,1199,,,,,
49.5727,,,1200,,,,,

